subgroup,state,unmet_need,se.unmet_need,year,country,survey,dist.id,period.id,pred,pred_upper,pred_lower,model
Age 15-24:Parity 1+,Africa:Senegal:Dakar,,,1990,,,1,1990,0.3439854926345602,0.4326406371004981,0.2660277250044154,2
Age 15-24:Parity 1+,Africa:Senegal:Dakar,,,1991,,,1,1991,0.3439954252214565,0.4224243802730389,0.2742173359815049,2
Age 15-24:Parity 1+,Africa:Senegal:Dakar,,,1992,,,1,1992,0.3440076891264281,0.4109432799900538,0.2836541337445964,2
Age 15-24:Parity 1+,Africa:Senegal:Dakar,0.3421052631578947,0.0303442927260459,1993,Senegal,DHS_1993,1,1993,0.3439623003463332,0.3967659494299545,0.2954887669800252,2
Age 15-24:Parity 1+,Africa:Senegal:Dakar,,,1994,,,1,1994,0.3459818992585928,0.4089762151645825,0.2890636122766323,2
Age 15-24:Parity 1+,Africa:Senegal:Dakar,,,1995,,,1,1995,0.3479219957134726,0.4181344190662953,0.285342022936184,2
Age 15-24:Parity 1+,Africa:Senegal:Dakar,,,1996,,,1,1996,0.3498595755900842,0.4254031328436031,0.2832678750279027,2
Age 15-24:Parity 1+,Africa:Senegal:Dakar,,,1997,,,1,1997,0.3517976855186751,0.4311188764978163,0.2824463926297751,2
Age 15-24:Parity 1+,Africa:Senegal:Dakar,,,1998,,,1,1998,0.35373761745525,0.4355123622173109,0.2827935645879516,2
Age 15-24:Parity 1+,Africa:Senegal:Dakar,,,1999,,,1,1999,0.3556803921023622,0.4386601230958822,0.2841523955954079,2
Age 15-24:Parity 1+,Africa:Senegal:Dakar,,,2000,,,1,2000,0.357629325191918,0.4405582317684763,0.2864936286950195,2
Age 15-24:Parity 1+,Africa:Senegal:Dakar,,,2001,,,1,2001,0.359587402195218,0.4411966605752802,0.2899018189140007,2
Age 15-24:Parity 1+,Africa:Senegal:Dakar,,,2002,,,1,2002,0.361556950795463,0.4404635770959151,0.2943415317739571,2
Age 15-24:Parity 1+,Africa:Senegal:Dakar,,,2003,,,1,2003,0.3635501747001374,0.4382149010687943,0.3000085014895287,2
Age 15-24:Parity 1+,Africa:Senegal:Dakar,,,2004,,,1,2004,0.3655841554606344,0.4340576414276745,0.3071987234196901,2
Age 15-24:Parity 1+,Africa:Senegal:Dakar,0.4034598216394649,0.045723407809855,2005,Senegal,DHS_2005,1,2005,0.3679799864285649,0.4272102393301091,0.3168882209800276,2
Age 15-24:Parity 1+,Africa:Senegal:Dakar,,,2006,,,1,2006,0.3608984422436624,0.4267707306714819,0.305014275365162,2
Age 15-24:Parity 1+,Africa:Senegal:Dakar,,,2007,,,1,2007,0.3542245915674929,0.4226586478718689,0.2965669111908582,2
Age 15-24:Parity 1+,Africa:Senegal:Dakar,,,2008,,,1,2008,0.3476370097895767,0.4156109260019615,0.2905990135233864,2
Age 15-24:Parity 1+,Africa:Senegal:Dakar,,,2009,,,1,2009,0.3411163812016037,0.4056593689772868,0.2870804529714107,2
Age 15-24:Parity 1+,Africa:Senegal:Dakar,0.470336934916067,0.0660248199705536,2010,Senegal,DHS_2010,1,2010,0.3346563747893132,0.3923033508737647,0.2867488926316787,2
Age 15-24:Parity 1+,Africa:Senegal:Dakar,,,2011,,,1,2011,0.3219020283375212,0.3786926464414959,0.2728827986188002,2
Age 15-24:Parity 1+,Africa:Senegal:Dakar,0.3029343377473845,0.0553186470781899,2012,Senegal,DHS_2012,1,2012,0.3097204509232256,0.3602731732745449,0.2641910081736907,2
Age 15-24:Parity 1+,Africa:Senegal:Dakar,,,2013,,,1,2013,0.2914781404502249,0.3428065344787925,0.2443867957139485,2
Age 15-24:Parity 1+,Africa:Senegal:Dakar,0.283678276013082,0.071544602495321,2014,Senegal,DHS_2014,1,2014,0.2740048605321078,0.3209312461014397,0.2297100658477926,2
Age 15-24:Parity 1+,Africa:Senegal:Dakar,0.2561265353916601,0.0562025128788282,2015,Senegal,DHS_2015,1,2015,0.2598941260706902,0.3057152310799546,0.2161521794444877,2
Age 15-24:Parity 1+,Africa:Senegal:Dakar,0.142434621613261,0.0593710145243507,2016,Senegal,DHS_2016,1,2016,0.2487976682437837,0.296189650384528,0.2032595167234676,2
Age 15-24:Parity 1+,Africa:Senegal:Dakar,0.1780071302668326,0.037776204236661,2017,Senegal,DHS_2017,1,2017,0.2380903529231161,0.2859331387879864,0.1923438988276959,2
Age 15-24:Parity 1+,Africa:Senegal:Dakar,0.1568357800005995,0.0557954132861808,2018,Senegal,DHS_2018,1,2018,0.2202753840725427,0.2701690540366374,0.1735508494252938,2
Age 15-24:Parity 1+,Africa:Senegal:Dakar,0.1789368361084259,0.0736266012846446,2019,Senegal,DHS_2019,1,2019,0.2144524004340529,0.2678839201160275,0.1647307899470992,2
Age 15-24:Parity 1+,Africa:Senegal:Dakar,,,2020,,,1,2020,0.2149927075083947,0.2756903715793979,0.158871116266953,2
Age 15-24:Parity 1+,Africa:Senegal:Dakar,,,2021,,,1,2021,0.2151664091684548,0.2825967058624913,0.1537359532222432,2
Age 15-24:Parity 1+,Africa:Senegal:Dakar,,,2022,,,1,2022,0.2152925675221293,0.2892150884471223,0.1491583307971731,2
Age 15-24:Parity 1+,Africa:Senegal:Dakar,,,2023,,,1,2023,0.2153914473773537,0.2956302598602807,0.1450098117341984,2
Age 15-24:Parity 1+,Africa:Senegal:Dakar,,,2024,,,1,2024,0.2154724127076186,0.3017921707606554,0.1411831686462338,2
Age 15-24:Parity 1+,Africa:Senegal:Dakar,,,2025,,,1,2025,0.2155347045869861,0.3077880431510318,0.1376104552842252,2
Age 15-24:Parity 1+,Africa:Senegal:Sédhiou,,,1990,,,2,1990,0.3197185472303687,0.4260072892505183,0.2325325365271566,2
Age 15-24:Parity 1+,Africa:Senegal:Sédhiou,,,1991,,,2,1991,0.3196578274737124,0.4175889379077773,0.2384038295111695,2
Age 15-24:Parity 1+,Africa:Senegal:Sédhiou,,,1992,,,2,1992,0.3194958814744081,0.4085165460020318,0.2446879235502314,2
Age 15-24:Parity 1+,Africa:Senegal:Sédhiou,0.3333333333333333,0.0580341760336232,1993,Senegal,DHS_1993,2,1993,0.3191612886842989,0.3982819540085356,0.2517886244561823,2
Age 15-24:Parity 1+,Africa:Senegal:Sédhiou,,,1994,,,2,1994,0.3195723094928413,0.4022070061025966,0.2490826396906935,2
Age 15-24:Parity 1+,Africa:Senegal:Sédhiou,,,1995,,,2,1995,0.3197805293312983,0.4048174521630388,0.2472873506359564,2
Age 15-24:Parity 1+,Africa:Senegal:Sédhiou,,,1996,,,2,1996,0.3198707677911673,0.4064805237571489,0.2461200834982674,2
Age 15-24:Parity 1+,Africa:Senegal:Sédhiou,,,1997,,,2,1997,0.319848169709821,0.4071632709262756,0.2455296732660142,2
Age 15-24:Parity 1+,Africa:Senegal:Sédhiou,,,1998,,,2,1998,0.3197178373560974,0.4070393639192963,0.2454968862607475,2
Age 15-24:Parity 1+,Africa:Senegal:Sédhiou,,,1999,,,2,1999,0.3194830343119953,0.4059262497389731,0.2459892403394457,2
Age 15-24:Parity 1+,Africa:Senegal:Sédhiou,,,2000,,,2,2000,0.3191475297844888,0.4038489453138548,0.2470140473821125,2
Age 15-24:Parity 1+,Africa:Senegal:Sédhiou,,,2001,,,2,2001,0.31871520056877,0.4007826060765542,0.2486078549203921,2
Age 15-24:Parity 1+,Africa:Senegal:Sédhiou,,,2002,,,2,2002,0.3181926098983526,0.3965511782772137,0.2508936789922115,2
Age 15-24:Parity 1+,Africa:Senegal:Sédhiou,,,2003,,,2,2003,0.3175907823123982,0.3909707216418307,0.253954235436879,2
Age 15-24:Parity 1+,Africa:Senegal:Sédhiou,,,2004,,,2,2004,0.3169275877710923,0.3838245499685432,0.2579761472480537,2
Age 15-24:Parity 1+,Africa:Senegal:Sédhiou,0.3541626822210519,0.0654565031503431,2005,Senegal,DHS_2005,2,2005,0.3165030107632882,0.3743879398713093,0.2637824408318703,2
Age 15-24:Parity 1+,Africa:Senegal:Sédhiou,,,2006,,,2,2006,0.3086211121926016,0.3690268261811683,0.2542699829682024,2
Age 15-24:Parity 1+,Africa:Senegal:Sédhiou,,,2007,,,2,2007,0.3010725851017412,0.3606802403373471,0.2473225662687312,2
Age 15-24:Parity 1+,Africa:Senegal:Sédhiou,,,2008,,,2,2008,0.2935692330937479,0.3495645729995599,0.2423718012885752,2
Age 15-24:Parity 1+,Africa:Senegal:Sédhiou,,,2009,,,2,2009,0.2860933494451189,0.3354885073867015,0.2397683955711267,2
Age 15-24:Parity 1+,Africa:Senegal:Sédhiou,0.2483171257730685,0.0256336428950534,2010,Senegal,DHS_2010,2,2010,0.2786290384471784,0.3172250956649999,0.2407984253600598,2
Age 15-24:Parity 1+,Africa:Senegal:Sédhiou,,,2011,,,2,2011,0.27754588852473,0.3220543017369534,0.2353614149681439,2
Age 15-24:Parity 1+,Africa:Senegal:Sédhiou,0.2581402185332546,0.0614193131688555,2012,Senegal,DHS_2012,2,2012,0.2767344642809151,0.3195649037340011,0.2357335959222884,2
Age 15-24:Parity 1+,Africa:Senegal:Sédhiou,,,2013,,,2,2013,0.2699854164269234,0.3151642782094927,0.2281577454928919,2
Age 15-24:Parity 1+,Africa:Senegal:Sédhiou,0.2569796383632173,0.0719502320477897,2014,Senegal,DHS_2014,2,2014,0.2634643761055602,0.3045537348668242,0.2254435234094335,2
Age 15-24:Parity 1+,Africa:Senegal:Sédhiou,0.2447510322829948,0.0460876512577642,2015,Senegal,DHS_2015,2,2015,0.2602051915952442,0.2986730289420766,0.2250493724556809,2
Age 15-24:Parity 1+,Africa:Senegal:Sédhiou,0.2784392280527508,0.0370992423915287,2016,Senegal,DHS_2016,2,2016,0.2604810670525908,0.2975445482958481,0.2270856458763421,2
Age 15-24:Parity 1+,Africa:Senegal:Sédhiou,0.294604130245682,0.0407664343625203,2017,Senegal,DHS_2017,2,2017,0.2566528125925134,0.2944237778808261,0.223104455275646,2
Age 15-24:Parity 1+,Africa:Senegal:Sédhiou,0.299729206838814,0.0547656709504392,2018,Senegal,DHS_2018,2,2018,0.2375322074450402,0.2773225207608987,0.2022239733528026,2
Age 15-24:Parity 1+,Africa:Senegal:Sédhiou,0.1597228741558317,0.0292639896240498,2019,Senegal,DHS_2019,2,2019,0.2261185327454953,0.2679944390209443,0.1881972480023991,2
Age 15-24:Parity 1+,Africa:Senegal:Sédhiou,,,2020,,,2,2020,0.2271107526252931,0.2795116848961533,0.1799779524961479,2
Age 15-24:Parity 1+,Africa:Senegal:Sédhiou,,,2021,,,2,2021,0.22761354399755,0.289152801003648,0.1734446657795024,2
Age 15-24:Parity 1+,Africa:Senegal:Sédhiou,,,2022,,,2,2022,0.2279950812398465,0.297850920155766,0.1678557702322692,2
Age 15-24:Parity 1+,Africa:Senegal:Sédhiou,,,2023,,,2,2023,0.2282748603941749,0.3058439069957031,0.1629174178478852,2
Age 15-24:Parity 1+,Africa:Senegal:Sédhiou,,,2024,,,2,2024,0.2284616946520447,0.3132674616932749,0.1584308491111744,2
Age 15-24:Parity 1+,Africa:Senegal:Sédhiou,,,2025,,,2,2025,0.2285604711105736,0.3202697724310511,0.154259129782786,2
Age 15-24:Parity 1+,Africa:Senegal:Tambacounda,,,1990,,,3,1990,0.3146717182490398,0.4188830230073654,0.2259239550413204,2
Age 15-24:Parity 1+,Africa:Senegal:Tambacounda,,,1991,,,3,1991,0.3144736083434183,0.4104635226085437,0.2315434530238075,2
Age 15-24:Parity 1+,Africa:Senegal:Tambacounda,,,1992,,,3,1992,0.3140476431568655,0.4013177636109115,0.2374277394306465,2
Age 15-24:Parity 1+,Africa:Senegal:Tambacounda,0.2608695652173913,0.0587863927659663,1993,Senegal,DHS_1993,3,1993,0.3133169065024875,0.3910085922864284,0.2438614110911234,2
Age 15-24:Parity 1+,Africa:Senegal:Tambacounda,,,1994,,,3,1994,0.3162091129075794,0.3970451912588701,0.2443401812893092,2
Age 15-24:Parity 1+,Africa:Senegal:Tambacounda,,,1995,,,3,1995,0.3187938602349269,0.4017321529002626,0.2454710940095281,2
Age 15-24:Parity 1+,Africa:Senegal:Tambacounda,,,1996,,,3,1996,0.3211465584106709,0.4054097159926071,0.246994654489841,2
Age 15-24:Parity 1+,Africa:Senegal:Tambacounda,,,1997,,,3,1997,0.3232690736637049,0.4080533828394249,0.2490018230782294,2
Age 15-24:Parity 1+,Africa:Senegal:Tambacounda,,,1998,,,3,1998,0.3251626698570772,0.4095957329988891,0.2514288073298404,2
Age 15-24:Parity 1+,Africa:Senegal:Tambacounda,,,1999,,,3,1999,0.3268279738982369,0.4101000639338393,0.2543920181069783,2
Age 15-24:Parity 1+,Africa:Senegal:Tambacounda,,,2000,,,3,2000,0.3282664482199742,0.4093151125703374,0.2578755548498708,2
Age 15-24:Parity 1+,Africa:Senegal:Tambacounda,,,2001,,,3,2001,0.3294802277914207,0.4071477134529793,0.2620485314417072,2
Age 15-24:Parity 1+,Africa:Senegal:Tambacounda,,,2002,,,3,2002,0.3304751776153841,0.4034143094654954,0.2670221348630957,2
Age 15-24:Parity 1+,Africa:Senegal:Tambacounda,,,2003,,,3,2003,0.3312608775589536,0.3977621773895466,0.2731523553310298,2
Age 15-24:Parity 1+,Africa:Senegal:Tambacounda,,,2004,,,3,2004,0.3318583671610391,0.3894880831635071,0.2809105408134728,2
Age 15-24:Parity 1+,Africa:Senegal:Tambacounda,0.3447823959255043,0.0292157074676667,2005,Senegal,DHS_2005,3,2005,0.332597395687027,0.3769802008432153,0.2920040073479967,2
Age 15-24:Parity 1+,Africa:Senegal:Tambacounda,,,2006,,,3,2006,0.3247684951849236,0.3778365382959801,0.2777239732429492,2
Age 15-24:Parity 1+,Africa:Senegal:Tambacounda,,,2007,,,3,2007,0.3172012732757527,0.3732221858854207,0.2677637328250651,2
Age 15-24:Parity 1+,Africa:Senegal:Tambacounda,,,2008,,,3,2008,0.3095641811075879,0.3645478133289218,0.2607293342180567,2
Age 15-24:Parity 1+,Africa:Senegal:Tambacounda,,,2009,,,3,2009,0.3018433721409442,0.3519990527093354,0.2565107578969864,2
Age 15-24:Parity 1+,Africa:Senegal:Tambacounda,0.2675511613730206,0.0317379597641132,2010,Senegal,DHS_2010,3,2010,0.294053732606062,0.3344163024814223,0.2562187807271717,2
Age 15-24:Parity 1+,Africa:Senegal:Tambacounda,,,2011,,,3,2011,0.2903455005556967,0.3358293776422146,0.2491183997588932,2
Age 15-24:Parity 1+,Africa:Senegal:Tambacounda,0.2811877608187597,0.05062725198637,2012,Senegal,DHS_2012,3,2012,0.2868304660162848,0.329289378177252,0.2483238759535576,2
Age 15-24:Parity 1+,Africa:Senegal:Tambacounda,,,2013,,,3,2013,0.2769714846912003,0.3215194395029366,0.2375128797669443,2
Age 15-24:Parity 1+,Africa:Senegal:Tambacounda,0.3223626610146757,0.0466317652441815,2014,Senegal,DHS_2014,3,2014,0.2673342247383689,0.3065801354070685,0.2325154990794394,2
Age 15-24:Parity 1+,Africa:Senegal:Tambacounda,0.2811994537054162,0.0420434871512934,2015,Senegal,DHS_2015,3,2015,0.2565263771871098,0.2930480031266214,0.2232743139603755,2
Age 15-24:Parity 1+,Africa:Senegal:Tambacounda,0.1791932492734362,0.050004286663455,2016,Senegal,DHS_2016,3,2016,0.2461886425426829,0.2820754615884713,0.2123343648065248,2
Age 15-24:Parity 1+,Africa:Senegal:Tambacounda,0.2402667491730109,0.0341928592120992,2017,Senegal,DHS_2017,3,2017,0.2364182950969544,0.2702194369133367,0.204199846615791,2
Age 15-24:Parity 1+,Africa:Senegal:Tambacounda,0.1720121483211071,0.0234965296651258,2018,Senegal,DHS_2018,3,2018,0.2151874542556181,0.248861281998355,0.1832444064505801,2
Age 15-24:Parity 1+,Africa:Senegal:Tambacounda,0.2053230855792325,0.04301321040914,2019,Senegal,DHS_2019,3,2019,0.2109511849136569,0.2497295684697914,0.1746525487480149,2
Age 15-24:Parity 1+,Africa:Senegal:Tambacounda,,,2020,,,3,2020,0.2124875303755913,0.261309833603682,0.1675046900227908,2
Age 15-24:Parity 1+,Africa:Senegal:Tambacounda,,,2021,,,3,2021,0.2134566536410452,0.2711635759799835,0.1617835623660938,2
Age 15-24:Parity 1+,Africa:Senegal:Tambacounda,,,2022,,,3,2022,0.214209713713204,0.2800408168082699,0.1568817829483605,2
Age 15-24:Parity 1+,Africa:Senegal:Tambacounda,,,2023,,,3,2023,0.2147661898514009,0.2882057143403171,0.1524459392518178,2
Age 15-24:Parity 1+,Africa:Senegal:Tambacounda,,,2024,,,3,2024,0.2151377934499062,0.2957189474886615,0.14834490789975,2
Age 15-24:Parity 1+,Africa:Senegal:Tambacounda,,,2025,,,3,2025,0.2153286542874085,0.3026581648298602,0.144468811621671,2
Age 15-24:Parity 1+,Africa:Senegal:Thiès,,,1990,,,4,1990,0.3457027262929041,0.4414247875948289,0.2635625523199457,2
Age 15-24:Parity 1+,Africa:Senegal:Thiès,,,1991,,,4,1991,0.3456523943088297,0.4317853913087849,0.270963159218757,2
Age 15-24:Parity 1+,Africa:Senegal:Thiès,,,1992,,,4,1992,0.3455206535821263,0.4210645913031084,0.2791574376201757,2
Age 15-24:Parity 1+,Africa:Senegal:Thiès,0.3576642335766423,0.0403639077338686,1993,Senegal,DHS_1993,4,1993,0.3452445832111043,0.408461700734276,0.288871539309355,2
Age 15-24:Parity 1+,Africa:Senegal:Thiès,,,1994,,,4,1994,0.3450809019663543,0.4150055838360447,0.2829891532093426,2
Age 15-24:Parity 1+,Africa:Senegal:Thiès,,,1995,,,4,1995,0.3447507244124475,0.4192931947652055,0.2788699113401059,2
Age 15-24:Parity 1+,Africa:Senegal:Thiès,,,1996,,,4,1996,0.3443290402261873,0.4220713349823921,0.2758732407116295,2
Age 15-24:Parity 1+,Africa:Senegal:Thiès,,,1997,,,4,1997,0.3438183956142276,0.4235023628635266,0.2738112263252147,2
Age 15-24:Parity 1+,Africa:Senegal:Thiès,,,1998,,,4,1998,0.3432196512742796,0.4237095620367238,0.27261387182906,2
Age 15-24:Parity 1+,Africa:Senegal:Thiès,,,1999,,,4,1999,0.3425339959824572,0.4226958798590879,0.272212769049062,2
Age 15-24:Parity 1+,Africa:Senegal:Thiès,,,2000,,,4,2000,0.3417631795383221,0.4204872673254379,0.2726592160251723,2
Age 15-24:Parity 1+,Africa:Senegal:Thiès,,,2001,,,4,2001,0.3409093998705409,0.4169498146941964,0.2739242733325461,2
Age 15-24:Parity 1+,Africa:Senegal:Thiès,,,2002,,,4,2002,0.3399763795871146,0.4119538668510165,0.2762372024905404,2
Age 15-24:Parity 1+,Africa:Senegal:Thiès,,,2003,,,4,2003,0.3389727850703247,0.4052489556164942,0.2797091153608111,2
Age 15-24:Parity 1+,Africa:Senegal:Thiès,,,2004,,,4,2004,0.337913820367636,0.3963818004513961,0.2847873285716833,2
Age 15-24:Parity 1+,Africa:Senegal:Thiès,0.3411873902579161,0.03443367880177,2005,Senegal,DHS_2005,4,2005,0.3371076013329485,0.3840509932491568,0.2928654050241208,2
Age 15-24:Parity 1+,Africa:Senegal:Thiès,,,2006,,,4,2006,0.3297289605404652,0.3844185873387642,0.2793435692756077,2
Age 15-24:Parity 1+,Africa:Senegal:Thiès,,,2007,,,4,2007,0.3226943930253382,0.3802584289019061,0.2698216358440756,2
Age 15-24:Parity 1+,Africa:Senegal:Thiès,,,2008,,,4,2008,0.3156916790975879,0.3727033040895259,0.2630192160314229,2
Age 15-24:Parity 1+,Africa:Senegal:Thiès,,,2009,,,4,2009,0.3087103168365821,0.3618570929300621,0.2587852534679517,2
Age 15-24:Parity 1+,Africa:Senegal:Thiès,0.282860869376559,0.0469943930484863,2010,Senegal,DHS_2010,4,2010,0.3017692333772133,0.3469870755435619,0.2578169064695331,2
Age 15-24:Parity 1+,Africa:Senegal:Thiès,,,2011,,,4,2011,0.2963102568702905,0.3443515672351935,0.2503955015512368,2
Age 15-24:Parity 1+,Africa:Senegal:Thiès,0.2653227824853533,0.0443678107518897,2012,Senegal,DHS_2012,4,2012,0.2912148640476524,0.3349886982392381,0.2484787700704388,2
Age 15-24:Parity 1+,Africa:Senegal:Thiès,,,2013,,,4,2013,0.2813466219482891,0.3278287046760471,0.2370454053502095,2
Age 15-24:Parity 1+,Africa:Senegal:Thiès,0.1391477144608521,0.0699815025216411,2014,Senegal,DHS_2014,4,2014,0.2717981906854375,0.3146695257778888,0.2306600943187657,2
Age 15-24:Parity 1+,Africa:Senegal:Thiès,0.3436545838876008,0.0675028805408264,2015,Senegal,DHS_2015,4,2015,0.2673443991463642,0.3076803469238008,0.2293076024267348,2
Age 15-24:Parity 1+,Africa:Senegal:Thiès,0.196178423773476,0.0508067147613515,2016,Senegal,DHS_2016,4,2016,0.2623604878252182,0.3003603353803827,0.2262175315703954,2
Age 15-24:Parity 1+,Africa:Senegal:Thiès,0.2734905566090571,0.0263064373315106,2017,Senegal,DHS_2017,4,2017,0.258005793008805,0.2922981423901346,0.225784117294022,2
Age 15-24:Parity 1+,Africa:Senegal:Thiès,0.1443639848790069,0.0371569665269179,2018,Senegal,DHS_2018,4,2018,0.2384679449207697,0.2770261190004473,0.2023913399918515,2
Age 15-24:Parity 1+,Africa:Senegal:Thiès,0.2570247927992022,0.0467583883905106,2019,Senegal,DHS_2019,4,2019,0.2346485485508993,0.2781432532088374,0.1952484732701688,2
Age 15-24:Parity 1+,Africa:Senegal:Thiès,,,2020,,,4,2020,0.235601508311351,0.2893806080654563,0.1868831333164735,2
Age 15-24:Parity 1+,Africa:Senegal:Thiès,,,2021,,,4,2021,0.2360644199526837,0.2988555031924185,0.180221912104236,2
Age 15-24:Parity 1+,Africa:Senegal:Thiès,,,2022,,,4,2022,0.2364117642401473,0.3074606444949394,0.1744905829406423,2
Age 15-24:Parity 1+,Africa:Senegal:Thiès,,,2023,,,4,2023,0.2366660768302303,0.3154038489667073,0.1694309609670719,2
Age 15-24:Parity 1+,Africa:Senegal:Thiès,,,2024,,,4,2024,0.236836259030242,0.3228670751853947,0.1647649284794907,2
Age 15-24:Parity 1+,Africa:Senegal:Thiès,,,2025,,,4,2025,0.2369264291239435,0.3299002860299994,0.1604385336734174,2
Age 15-24:Parity 1+,Africa:Senegal:Ziguinchor,,,1990,,,5,1990,0.3313692023273596,0.4463228552393493,0.236787919326372,2
Age 15-24:Parity 1+,Africa:Senegal:Ziguinchor,,,1991,,,5,1991,0.3314670908277471,0.4387756786796049,0.2426125955315902,2
Age 15-24:Parity 1+,Africa:Senegal:Ziguinchor,,,1992,,,5,1992,0.3316657009045726,0.4311186151469952,0.248948050771644,2
Age 15-24:Parity 1+,Africa:Senegal:Ziguinchor,0.4102564102564102,0.0851700482836321,1993,Senegal,DHS_1993,5,1993,0.3318940352140433,0.4228532585323913,0.2561057040001063,2
Age 15-24:Parity 1+,Africa:Senegal:Ziguinchor,,,1994,,,5,1994,0.3315632186119553,0.423854756599486,0.2538457098916171,2
Age 15-24:Parity 1+,Africa:Senegal:Ziguinchor,,,1995,,,5,1995,0.3312370597057796,0.4242240519832673,0.2524867694034218,2
Age 15-24:Parity 1+,Africa:Senegal:Ziguinchor,,,1996,,,5,1996,0.3309969210707756,0.4241225881943388,0.2517796247130794,2
Age 15-24:Parity 1+,Africa:Senegal:Ziguinchor,,,1997,,,5,1997,0.3308519944432381,0.4235679627388455,0.2516908695257631,2
Age 15-24:Parity 1+,Africa:Senegal:Ziguinchor,,,1998,,,5,1998,0.3308074205517909,0.4224756884436522,0.2522785162140433,2
Age 15-24:Parity 1+,Africa:Senegal:Ziguinchor,,,1999,,,5,1999,0.3308678699477611,0.4208609487868338,0.2534868464391855,2
Age 15-24:Parity 1+,Africa:Senegal:Ziguinchor,,,2000,,,5,2000,0.3310371253715104,0.4186374697885092,0.2554268291372237,2
Age 15-24:Parity 1+,Africa:Senegal:Ziguinchor,,,2001,,,5,2001,0.3313197816818293,0.4156700397688007,0.2581672597242791,2
Age 15-24:Parity 1+,Africa:Senegal:Ziguinchor,,,2002,,,5,2002,0.3317212881063766,0.4118378373237418,0.2617256699472518,2
Age 15-24:Parity 1+,Africa:Senegal:Ziguinchor,,,2003,,,5,2003,0.3322496688137931,0.4069192879287193,0.2663712934229472,2
Age 15-24:Parity 1+,Africa:Senegal:Ziguinchor,,,2004,,,5,2004,0.332921729278717,0.4006222387878981,0.272323823672673,2
Age 15-24:Parity 1+,Africa:Senegal:Ziguinchor,0.3320204070779654,0.0491431751152519,2005,Senegal,DHS_2005,5,2005,0.3340419549004862,0.3921285241399744,0.2804708915041866,2
Age 15-24:Parity 1+,Africa:Senegal:Ziguinchor,,,2006,,,5,2006,0.3295816495840283,0.3925591913698552,0.2729645478105078,2
Age 15-24:Parity 1+,Africa:Senegal:Ziguinchor,,,2007,,,5,2007,0.3255965381586655,0.3899285236254998,0.2683463332728293,2
Age 15-24:Parity 1+,Africa:Senegal:Ziguinchor,,,2008,,,5,2008,0.3217829778186515,0.3846605210215261,0.2659864615681425,2
Age 15-24:Parity 1+,Africa:Senegal:Ziguinchor,,,2009,,,5,2009,0.3181257350985222,0.3766756489252817,0.2660288078934592,2
Age 15-24:Parity 1+,Africa:Senegal:Ziguinchor,0.3403183096352133,0.0499288289343542,2010,Senegal,DHS_2010,5,2010,0.3146398941695977,0.365034814529436,0.2693450671225961,2
Age 15-24:Parity 1+,Africa:Senegal:Ziguinchor,,,2011,,,5,2011,0.3095759409518777,0.3627055976984017,0.262215894985385,2
Age 15-24:Parity 1+,Africa:Senegal:Ziguinchor,0.4092573834158352,0.073406297686337,2012,Senegal,DHS_2012,5,2012,0.3050644300031827,0.3541907583405788,0.2606219728748321,2
Age 15-24:Parity 1+,Africa:Senegal:Ziguinchor,,,2013,,,5,2013,0.2899072602396827,0.3389342985563917,0.2449088623495734,2
Age 15-24:Parity 1+,Africa:Senegal:Ziguinchor,0.2034081795302833,0.0388966217505681,2014,Senegal,DHS_2014,5,2014,0.2754829297976252,0.3184772741421057,0.2345646240911836,2
Age 15-24:Parity 1+,Africa:Senegal:Ziguinchor,0.2586115054240857,0.0543819913979097,2015,Senegal,DHS_2015,5,2015,0.2699519038233606,0.3120631389016796,0.2301097344349068,2
Age 15-24:Parity 1+,Africa:Senegal:Ziguinchor,0.2101240213779808,0.0606238010652422,2016,Senegal,DHS_2016,5,2016,0.2676822476163421,0.3101318021142379,0.227851858610092,2
Age 15-24:Parity 1+,Africa:Senegal:Ziguinchor,0.2714288935594568,0.0414168233094073,2017,Senegal,DHS_2017,5,2017,0.2652185210812094,0.3069769834856927,0.2268413273339566,2
Age 15-24:Parity 1+,Africa:Senegal:Ziguinchor,0.294658763096163,0.0747483064483466,2018,Senegal,DHS_2018,5,2018,0.2501840800091188,0.2949153995124252,0.2103444889375917,2
Age 15-24:Parity 1+,Africa:Senegal:Ziguinchor,0.2636920820811075,0.0421049562222406,2019,Senegal,DHS_2019,5,2019,0.2450234044126523,0.2927948889100679,0.2033361567893072,2
Age 15-24:Parity 1+,Africa:Senegal:Ziguinchor,,,2020,,,5,2020,0.244968586158358,0.3030364416261442,0.1940336264866824,2
Age 15-24:Parity 1+,Africa:Senegal:Ziguinchor,,,2021,,,5,2021,0.2446106202917866,0.3115807500586481,0.1864983453007876,2
Age 15-24:Parity 1+,Africa:Senegal:Ziguinchor,,,2022,,,5,2022,0.2443083473851357,0.3194847634017078,0.1800813788607179,2
Age 15-24:Parity 1+,Africa:Senegal:Ziguinchor,,,2023,,,5,2023,0.2440787690799749,0.3268882735230143,0.1744449018401494,2
Age 15-24:Parity 1+,Africa:Senegal:Ziguinchor,,,2024,,,5,2024,0.2439287146448535,0.3339381693270152,0.169438895740333,2
Age 15-24:Parity 1+,Africa:Senegal:Ziguinchor,,,2025,,,5,2025,0.2438615758757859,0.3407990962190191,0.1649328209216225,2
Age 15-24:Parity 1+,Africa:Senegal:Kédougou,,,1990,,,6,1990,0.2776688528127597,0.3811773247606111,0.1852743416756664,2
Age 15-24:Parity 1+,Africa:Senegal:Kédougou,,,1991,,,6,1991,0.2776170705072525,0.3740373313987676,0.1896495371697197,2
Age 15-24:Parity 1+,Africa:Senegal:Kédougou,,,1992,,,6,1992,0.2774954094669717,0.3665322239802711,0.1941956746768939,2
Age 15-24:Parity 1+,Africa:Senegal:Kédougou,0.1764705882352941,0.060171806558572,1993,Senegal,DHS_1993,6,1993,0.2772486779262662,0.3582911091752572,0.1989922405863688,2
Age 15-24:Parity 1+,Africa:Senegal:Kédougou,,,1994,,,6,1994,0.2806975824328385,0.3640301836502569,0.2014522890070748,2
Age 15-24:Parity 1+,Africa:Senegal:Kédougou,,,1995,,,6,1995,0.2840421587568571,0.3688036200764544,0.2042481414261083,2
Age 15-24:Parity 1+,Africa:Senegal:Kédougou,,,1996,,,6,1996,0.2873419151008389,0.3730628927555583,0.2073168483389789,2
Age 15-24:Parity 1+,Africa:Senegal:Kédougou,,,1997,,,6,1997,0.290586482474332,0.3767200281643589,0.2107064809196346,2
Age 15-24:Parity 1+,Africa:Senegal:Kédougou,,,1998,,,6,1998,0.2937777016036271,0.3797233844878754,0.2143597270878901,2
Age 15-24:Parity 1+,Africa:Senegal:Kédougou,,,1999,,,6,1999,0.2969136048965042,0.3820656636972219,0.218412052342178,2
Age 15-24:Parity 1+,Africa:Senegal:Kédougou,,,2000,,,6,2000,0.2999914984948046,0.3836734630687433,0.2228788115993214,2
Age 15-24:Parity 1+,Africa:Senegal:Kédougou,,,2001,,,6,2001,0.3030156330681249,0.3844840583297763,0.2278071696086362,2
Age 15-24:Parity 1+,Africa:Senegal:Kédougou,,,2002,,,6,2002,0.3059906882872178,0.3843195050837433,0.2332579457055162,2
Age 15-24:Parity 1+,Africa:Senegal:Kédougou,,,2003,,,6,2003,0.3089230899232654,0.3831351068343528,0.2393401294201426,2
Age 15-24:Parity 1+,Africa:Senegal:Kédougou,,,2004,,,6,2004,0.3118355137003846,0.3805494358422935,0.2462303073916306,2
Age 15-24:Parity 1+,Africa:Senegal:Kédougou,0.2812678016090573,0.0698806228591984,2005,Senegal,DHS_2005,6,2005,0.3150318362083123,0.3760923131809186,0.254505881491014,2
Age 15-24:Parity 1+,Africa:Senegal:Kédougou,,,2006,,,6,2006,0.3133941919489126,0.3780837261387285,0.252141153728887,2
Age 15-24:Parity 1+,Africa:Senegal:Kédougou,,,2007,,,6,2007,0.3120551292404971,0.3773726925161692,0.2515663561944508,2
Age 15-24:Parity 1+,Africa:Senegal:Kédougou,,,2008,,,6,2008,0.31070312948296,0.3741663584414988,0.2524982165162571,2
Age 15-24:Parity 1+,Africa:Senegal:Kédougou,,,2009,,,6,2009,0.309315160570451,0.3683005969499976,0.2552523067922287,2
Age 15-24:Parity 1+,Africa:Senegal:Kédougou,0.3105187954598964,0.0638117969376405,2010,Senegal,DHS_2010,6,2010,0.3079044218264632,0.358814596438284,0.2606650143741307,2
Age 15-24:Parity 1+,Africa:Senegal:Kédougou,,,2011,,,6,2011,0.3064874111685234,0.3582293636560318,0.2595282654986413,2
Age 15-24:Parity 1+,Africa:Senegal:Kédougou,0.3220022104518022,0.0419829776284406,2012,Senegal,DHS_2012,6,2012,0.305432557525647,0.3509831811793522,0.2636601825916878,2
Age 15-24:Parity 1+,Africa:Senegal:Kédougou,,,2013,,,6,2013,0.2957660586467667,0.3436039893496144,0.2524838954120099,2
Age 15-24:Parity 1+,Africa:Senegal:Kédougou,0.2867268348533947,0.0552106146081155,2014,Senegal,DHS_2014,6,2014,0.2864394847960899,0.3293872099238684,0.2469834672422257,2
Age 15-24:Parity 1+,Africa:Senegal:Kédougou,0.2908599012375101,0.0596355702622097,2015,Senegal,DHS_2015,6,2015,0.2804385377371688,0.3215619762611138,0.2424232477333904,2
Age 15-24:Parity 1+,Africa:Senegal:Kédougou,0.1921546924812626,0.0368105978748524,2016,Senegal,DHS_2016,6,2016,0.2766026424638391,0.3162313354967608,0.2395114382516835,2
Age 15-24:Parity 1+,Africa:Senegal:Kédougou,0.279092037812901,0.0452374486390097,2017,Senegal,DHS_2017,6,2017,0.2771752312446952,0.3170114234364278,0.2411646217207586,2
Age 15-24:Parity 1+,Africa:Senegal:Kédougou,0.2899209095950004,0.0368788390662867,2018,Senegal,DHS_2018,6,2018,0.2650595164831604,0.3066541271936919,0.2286342801319346,2
Age 15-24:Parity 1+,Africa:Senegal:Kédougou,0.2909938669253329,0.0460559462569763,2019,Senegal,DHS_2019,6,2019,0.261383716185741,0.3094709697281223,0.2207481932705124,2
Age 15-24:Parity 1+,Africa:Senegal:Kédougou,,,2020,,,6,2020,0.262267735860236,0.3223784493157646,0.2114738326569364,2
Age 15-24:Parity 1+,Africa:Senegal:Kédougou,,,2021,,,6,2021,0.2626880899116693,0.3330352335180179,0.2040380949806263,2
Age 15-24:Parity 1+,Africa:Senegal:Kédougou,,,2022,,,6,2022,0.2630121526438082,0.342566666837173,0.1976986786273731,2
Age 15-24:Parity 1+,Africa:Senegal:Kédougou,,,2023,,,6,2023,0.2632502080196702,0.3512302970735477,0.1920514388520703,2
Age 15-24:Parity 1+,Africa:Senegal:Kédougou,,,2024,,,6,2024,0.2634072974493743,0.3592641696344909,0.1869442971364314,2
Age 15-24:Parity 1+,Africa:Senegal:Kédougou,,,2025,,,6,2025,0.2634858156070279,0.3667773871590442,0.1822279576817714,2
Age 15-24:Parity 1+,Africa:Senegal:Kolda,,,1990,,,7,1990,0.2757319034168547,0.3808293723946896,0.1855000519566406,2
Age 15-24:Parity 1+,Africa:Senegal:Kolda,,,1991,,,7,1991,0.2755871956435744,0.3733527108972486,0.18980767358546,2
Age 15-24:Parity 1+,Africa:Senegal:Kolda,,,1992,,,7,1992,0.2752587715119579,0.3653779329857912,0.1941744869699595,2
Age 15-24:Parity 1+,Africa:Senegal:Kolda,0.1694915254237288,0.0668220859400195,1993,Senegal,DHS_1993,7,1993,0.2746821315921453,0.3566331148995021,0.1987999878846187,2
Age 15-24:Parity 1+,Africa:Senegal:Kolda,,,1994,,,7,1994,0.2772400675459744,0.3606530434859477,0.2006973191157816,2
Age 15-24:Parity 1+,Africa:Senegal:Kolda,,,1995,,,7,1995,0.2795542446012453,0.3636827167539976,0.2029068195177992,2
Age 15-24:Parity 1+,Africa:Senegal:Kolda,,,1996,,,7,1996,0.2816862524664462,0.3659595563597574,0.20528203425337,2
Age 15-24:Parity 1+,Africa:Senegal:Kolda,,,1997,,,7,1997,0.2836324495527542,0.3674108594783434,0.2079348145348268,2
Age 15-24:Parity 1+,Africa:Senegal:Kolda,,,1998,,,7,1998,0.285390782600412,0.3680838125232193,0.2108089892911641,2
Age 15-24:Parity 1+,Africa:Senegal:Kolda,,,1999,,,7,1999,0.2869606475155239,0.3678034073447501,0.2140198215304629,2
Age 15-24:Parity 1+,Africa:Senegal:Kolda,,,2000,,,7,2000,0.2883397525661259,0.3665928121756822,0.2176130101634911,2
Age 15-24:Parity 1+,Africa:Senegal:Kolda,,,2001,,,7,2001,0.2895300708470622,0.3641944265662464,0.2216853872932463,2
Age 15-24:Parity 1+,Africa:Senegal:Kolda,,,2002,,,7,2002,0.2905325369687131,0.3605591387536871,0.226399503489681,2
Age 15-24:Parity 1+,Africa:Senegal:Kolda,,,2003,,,7,2003,0.2913489184762444,0.3553789424784985,0.2318887892518818,2
Age 15-24:Parity 1+,Africa:Senegal:Kolda,,,2004,,,7,2004,0.2919860622865883,0.3482616931120571,0.2385729925752397,2
Age 15-24:Parity 1+,Africa:Senegal:Kolda,0.2588251648820795,0.0304060031093734,2005,Senegal,DHS_2005,7,2005,0.292703243075094,0.3381282881398207,0.2476547876501535,2
Age 15-24:Parity 1+,Africa:Senegal:Kolda,,,2006,,,7,2006,0.2930176441379403,0.3447941111716393,0.2439323487958226,2
Age 15-24:Parity 1+,Africa:Senegal:Kolda,,,2007,,,7,2007,0.2934080375289558,0.3474708043729183,0.2432691980321397,2
Age 15-24:Parity 1+,Africa:Senegal:Kolda,,,2008,,,7,2008,0.293617266789399,0.3466255257205933,0.2449480435029074,2
Age 15-24:Parity 1+,Africa:Senegal:Kolda,,,2009,,,7,2009,0.2936449778218121,0.3419754469934762,0.2492959948755956,2
Age 15-24:Parity 1+,Africa:Senegal:Kolda,0.2894745599455118,0.0290118607722137,2010,Senegal,DHS_2010,7,2010,0.2935152469960989,0.3317794133891212,0.2578877400848225,2
Age 15-24:Parity 1+,Africa:Senegal:Kolda,,,2011,,,7,2011,0.2941964893375901,0.3383634468388239,0.2547375994225112,2
Age 15-24:Parity 1+,Africa:Senegal:Kolda,0.3452708823616088,0.0441941796273505,2012,Senegal,DHS_2012,7,2012,0.2950788244586952,0.3360990400160176,0.2586991345802407,2
Age 15-24:Parity 1+,Africa:Senegal:Kolda,,,2013,,,7,2013,0.2843438487410466,0.3274661544574033,0.245817796139387,2
Age 15-24:Parity 1+,Africa:Senegal:Kolda,0.2403543874152663,0.0460791282933211,2014,Senegal,DHS_2014,7,2014,0.2738715355173649,0.3108680643414842,0.2396221322310411,2
Age 15-24:Parity 1+,Africa:Senegal:Kolda,0.2497221083358886,0.0266980244996462,2015,Senegal,DHS_2015,7,2015,0.2686789353507865,0.3015679695327876,0.2379239402184651,2
Age 15-24:Parity 1+,Africa:Senegal:Kolda,0.2598073008147781,0.0498001987057219,2016,Senegal,DHS_2016,7,2016,0.2696746349535018,0.304762067997319,0.2376923124935155,2
Age 15-24:Parity 1+,Africa:Senegal:Kolda,0.2910744762000283,0.0314283118260252,2017,Senegal,DHS_2017,7,2017,0.2690217391518175,0.3034663936115102,0.238245472434189,2
Age 15-24:Parity 1+,Africa:Senegal:Kolda,0.2154552303183813,0.0291359042121918,2018,Senegal,DHS_2018,7,2018,0.2525272095251317,0.2892393306814769,0.219959171897263,2
Age 15-24:Parity 1+,Africa:Senegal:Kolda,0.3130629228564285,0.04617435411327,2019,Senegal,DHS_2019,7,2019,0.2523198378794774,0.2974509904239379,0.2145237370633171,2
Age 15-24:Parity 1+,Africa:Senegal:Kolda,,,2020,,,7,2020,0.2538248769553776,0.3115553466630742,0.2055691045240116,2
Age 15-24:Parity 1+,Africa:Senegal:Kolda,,,2021,,,7,2021,0.2547635226538924,0.3231494135856003,0.1985866408706597,2
Age 15-24:Parity 1+,Africa:Senegal:Kolda,,,2022,,,7,2022,0.2555013085656452,0.3334030556414663,0.1926025349574654,2
Age 15-24:Parity 1+,Africa:Senegal:Kolda,,,2023,,,7,2023,0.2560487630497668,0.3426060087748953,0.1872707817446156,2
Age 15-24:Parity 1+,Africa:Senegal:Kolda,,,2024,,,7,2024,0.2564106088647022,0.350950922970684,0.1823891965089508,2
Age 15-24:Parity 1+,Africa:Senegal:Kolda,,,2025,,,7,2025,0.256589196105629,0.3586427732307829,0.1777795686863551,2
Age 15-24:Parity 1+,Africa:Senegal:Louga,,,1990,,,8,1990,0.3230771583668876,0.4073358293909568,0.2480916488436545,2
Age 15-24:Parity 1+,Africa:Senegal:Louga,,,1991,,,8,1991,0.3231393033731975,0.3973692563149572,0.2561576650732642,2
Age 15-24:Parity 1+,Africa:Senegal:Louga,,,1992,,,8,1992,0.3232750060592618,0.3862661548913279,0.2655766935645373,2
Age 15-24:Parity 1+,Africa:Senegal:Louga,0.3298969072164948,0.0293122747264999,1993,Senegal,DHS_1993,8,1993,0.3234071388189829,0.3726762137461219,0.2776222377655794,2
Age 15-24:Parity 1+,Africa:Senegal:Louga,,,1994,,,8,1994,0.3236693978941121,0.3824409205963843,0.2693670980035424,2
Age 15-24:Parity 1+,Africa:Senegal:Louga,,,1995,,,8,1995,0.3239313493267043,0.3892177087155369,0.2639552124581938,2
Age 15-24:Parity 1+,Africa:Senegal:Louga,,,1996,,,8,1996,0.3242691185184479,0.3943151508980862,0.2601865989056356,2
Age 15-24:Parity 1+,Africa:Senegal:Louga,,,1997,,,8,1997,0.3246864248128716,0.3979923161518388,0.2577872852712295,2
Age 15-24:Parity 1+,Africa:Senegal:Louga,,,1998,,,8,1998,0.3251854397308051,0.4005330528457042,0.2564966078785543,2
Age 15-24:Parity 1+,Africa:Senegal:Louga,,,1999,,,8,1999,0.3257697572937434,0.4019449606267126,0.2562115062268716,2
Age 15-24:Parity 1+,Africa:Senegal:Louga,,,2000,,,8,2000,0.3264422350324748,0.4023321152490231,0.2569018142694388,2
Age 15-24:Parity 1+,Africa:Senegal:Louga,,,2001,,,8,2001,0.3272063049797616,0.4016817000958906,0.258591266928414,2
Age 15-24:Parity 1+,Africa:Senegal:Louga,,,2002,,,8,2002,0.328068050098294,0.3998459460543284,0.2612460841761936,2
Age 15-24:Parity 1+,Africa:Senegal:Louga,,,2003,,,8,2003,0.3290347139729299,0.3966935268104844,0.2650799028499564,2
Age 15-24:Parity 1+,Africa:Senegal:Louga,,,2004,,,8,2004,0.330125435240345,0.3919561378586799,0.2702586367721432,2
Age 15-24:Parity 1+,Africa:Senegal:Louga,0.3046665235189395,0.0505870947200371,2005,Senegal,DHS_2005,8,2005,0.3316679620299352,0.3847559025566755,0.2775967911049083,2
Age 15-24:Parity 1+,Africa:Senegal:Louga,,,2006,,,8,2006,0.3290349109495881,0.3870957966132831,0.2722461896006276,2
Age 15-24:Parity 1+,Africa:Senegal:Louga,,,2007,,,8,2007,0.3268671499268994,0.3859411612262352,0.2698036120305642,2
Age 15-24:Parity 1+,Africa:Senegal:Louga,,,2008,,,8,2008,0.3248291586402044,0.3818790800979842,0.26981718710532,2
Age 15-24:Parity 1+,Africa:Senegal:Louga,,,2009,,,8,2009,0.3228983585986944,0.3745512470362066,0.2726322800905642,2
Age 15-24:Parity 1+,Africa:Senegal:Louga,0.268189572777619,0.0317844366045454,2010,Senegal,DHS_2010,8,2010,0.3210725787941648,0.3624389051156652,0.2797638829294169,2
Age 15-24:Parity 1+,Africa:Senegal:Louga,,,2011,,,8,2011,0.3275908167286779,0.3736677267734449,0.2847628944908436,2
Age 15-24:Parity 1+,Africa:Senegal:Louga,0.4100211500993105,0.0405908645140228,2012,Senegal,DHS_2012,8,2012,0.3346925425864235,0.3775435187914021,0.2965182526223162,2
Age 15-24:Parity 1+,Africa:Senegal:Louga,,,2013,,,8,2013,0.3249716844297051,0.3716407656330791,0.2834741558752495,2
Age 15-24:Parity 1+,Africa:Senegal:Louga,0.3424668960988051,0.049453282792252,2014,Senegal,DHS_2014,8,2014,0.3157000469459768,0.3575663961197205,0.2780846057194436,2
Age 15-24:Parity 1+,Africa:Senegal:Louga,0.2669362197488617,0.0443444747459967,2015,Senegal,DHS_2015,8,2015,0.3080886784223334,0.3479798288362454,0.2716601872513021,2
Age 15-24:Parity 1+,Africa:Senegal:Louga,0.3235867624712649,0.0472372655095731,2016,Senegal,DHS_2016,8,2016,0.3068080802380149,0.3463285577966533,0.2709815570225877,2
Age 15-24:Parity 1+,Africa:Senegal:Louga,0.311981650677067,0.033973980677249,2017,Senegal,DHS_2017,8,2017,0.3020285067003562,0.3410326168125198,0.2668275723114245,2
Age 15-24:Parity 1+,Africa:Senegal:Louga,0.3181453518410657,0.0541671586921044,2018,Senegal,DHS_2018,8,2018,0.2829004003052202,0.3273541947832887,0.2435551124496068,2
Age 15-24:Parity 1+,Africa:Senegal:Louga,0.2326434853894572,0.0527334740749324,2019,Senegal,DHS_2019,8,2019,0.2738835502376879,0.3240187329539087,0.2297408467235149,2
Age 15-24:Parity 1+,Africa:Senegal:Louga,,,2020,,,8,2020,0.2740093866840964,0.3348592501428709,0.2196321092905986,2
Age 15-24:Parity 1+,Africa:Senegal:Louga,,,2021,,,8,2021,0.2737552001562804,0.3439001327567157,0.2114674661858906,2
Age 15-24:Parity 1+,Africa:Senegal:Louga,,,2022,,,8,2022,0.2735292571002475,0.3522478230688436,0.2045208985508309,2
Age 15-24:Parity 1+,Africa:Senegal:Louga,,,2023,,,8,2023,0.2733542475830431,0.3600536942660193,0.1984063635898385,2
Age 15-24:Parity 1+,Africa:Senegal:Louga,,,2024,,,8,2024,0.2732400402828814,0.3674889066900959,0.1929370308492853,2
Age 15-24:Parity 1+,Africa:Senegal:Louga,,,2025,,,8,2025,0.273191424848187,0.3747113987189359,0.1879308845136703,2
Age 15-24:Parity 1+,Africa:Senegal:Matam,,,1990,,,9,1990,0.3177645172774605,0.4141866543059839,0.2321556170335633,2
Age 15-24:Parity 1+,Africa:Senegal:Matam,,,1991,,,9,1991,0.318064611588658,0.4061691072301109,0.239153013837426,2
Age 15-24:Parity 1+,Africa:Senegal:Matam,,,1992,,,9,1992,0.3187284707010848,0.3979300153397455,0.2472657562872922,2
Age 15-24:Parity 1+,Africa:Senegal:Matam,0.3571428571428571,0.0479506536673319,1993,Senegal,DHS_1993,9,1993,0.3196912391147243,0.3887204229551328,0.257070670656632,2
Age 15-24:Parity 1+,Africa:Senegal:Matam,,,1994,,,9,1994,0.3191332202689503,0.3935752197723529,0.2516786394951009,2
Age 15-24:Parity 1+,Africa:Senegal:Matam,,,1995,,,9,1995,0.3188816315118115,0.3971997573386966,0.247997200487007,2
Age 15-24:Parity 1+,Africa:Senegal:Matam,,,1996,,,9,1996,0.319003049781234,0.4001407420158547,0.2455915569294519,2
Age 15-24:Parity 1+,Africa:Senegal:Matam,,,1997,,,9,1997,0.3195014792258172,0.4024625652041702,0.2444154434843024,2
Age 15-24:Parity 1+,Africa:Senegal:Matam,,,1998,,,9,1998,0.3203817067256428,0.404215555771796,0.2443680061175784,2
Age 15-24:Parity 1+,Africa:Senegal:Matam,,,1999,,,9,1999,0.3216457827406177,0.4053928890910878,0.2454530305845153,2
Age 15-24:Parity 1+,Africa:Senegal:Matam,,,2000,,,9,2000,0.323296927718241,0.405962304544193,0.2476825786932522,2
Age 15-24:Parity 1+,Africa:Senegal:Matam,,,2001,,,9,2001,0.3253386403208679,0.4058838208873555,0.2511414807887812,2
Age 15-24:Parity 1+,Africa:Senegal:Matam,,,2002,,,9,2002,0.3277751639567602,0.4049819217598959,0.2559677492950432,2
Age 15-24:Parity 1+,Africa:Senegal:Matam,,,2003,,,9,2003,0.3306136093093313,0.4030819763323124,0.2623570085955244,2
Age 15-24:Parity 1+,Africa:Senegal:Matam,,,2004,,,9,2004,0.3338652228246327,0.3998786780580595,0.270588162896263,2
Age 15-24:Parity 1+,Africa:Senegal:Matam,0.3101284098027665,0.0430271719999633,2005,Senegal,DHS_2005,9,2005,0.3378534253936377,0.3944938947109306,0.2816634049261503,2
Age 15-24:Parity 1+,Africa:Senegal:Matam,,,2006,,,9,2006,0.3388246323182436,0.3998562678024017,0.2795104924702678,2
Age 15-24:Parity 1+,Africa:Senegal:Matam,,,2007,,,9,2007,0.3404867085772142,0.4023759632745572,0.280676082198542,2
Age 15-24:Parity 1+,Africa:Senegal:Matam,,,2008,,,9,2008,0.3425303869028244,0.4023600086442482,0.2847836536450432,2
Age 15-24:Parity 1+,Africa:Senegal:Matam,,,2009,,,9,2009,0.3449569144977425,0.3994426975914562,0.2922171008683841,2
Age 15-24:Parity 1+,Africa:Senegal:Matam,0.3875104197774744,0.0396056444921701,2010,Senegal,DHS_2010,9,2010,0.3478026520611459,0.392101396955077,0.3045527979177312,2
Age 15-24:Parity 1+,Africa:Senegal:Matam,,,2011,,,9,2011,0.3456370797784696,0.393385367314851,0.2991501906419436,2
Age 15-24:Parity 1+,Africa:Senegal:Matam,0.2852891164367092,0.0342030797002901,2012,Senegal,DHS_2012,9,2012,0.3442687508926929,0.386650090634917,0.3017098044771871,2
Age 15-24:Parity 1+,Africa:Senegal:Matam,,,2013,,,9,2013,0.3443050031317076,0.3911953423950585,0.2991950811371949,2
Age 15-24:Parity 1+,Africa:Senegal:Matam,0.3999820928749618,0.070065597790526,2014,Senegal,DHS_2014,9,2014,0.3448732619210503,0.3887964745802663,0.3039483919098358,2
Age 15-24:Parity 1+,Africa:Senegal:Matam,0.3514578862287214,0.0610888069118489,2015,Senegal,DHS_2015,9,2015,0.3470973692921834,0.3892077587853431,0.3087335753609023,2
Age 15-24:Parity 1+,Africa:Senegal:Matam,0.3620976874526424,0.0343472604461464,2016,Senegal,DHS_2016,9,2016,0.352767142919274,0.3912520430352023,0.3175671973019005,2
Age 15-24:Parity 1+,Africa:Senegal:Matam,0.405607526321095,0.0258864391959993,2017,Senegal,DHS_2017,9,2017,0.3552601213187241,0.3930910457763799,0.3199016730264105,2
Age 15-24:Parity 1+,Africa:Senegal:Matam,0.2834855793381715,0.0464262431841761,2018,Senegal,DHS_2018,9,2018,0.3276308092036541,0.3737333156520833,0.2864112459766477,2
Age 15-24:Parity 1+,Africa:Senegal:Matam,0.3032115284719742,0.0993058876087771,2019,Senegal,DHS_2019,9,2019,0.3175574129573173,0.3728970529823339,0.2688439895729383,2
Age 15-24:Parity 1+,Africa:Senegal:Matam,,,2020,,,9,2020,0.315949008508871,0.3823208899683191,0.2556811311384384,2
Age 15-24:Parity 1+,Africa:Senegal:Matam,,,2021,,,9,2021,0.3142282697456955,0.3901921251542344,0.2450254680789455,2
Age 15-24:Parity 1+,Africa:Senegal:Matam,,,2022,,,9,2022,0.3128343556794319,0.3975739442322629,0.2360974397244467,2
Age 15-24:Parity 1+,Africa:Senegal:Matam,,,2023,,,9,2023,0.3117876176572126,0.4046616324237577,0.2283723206000673,2
Age 15-24:Parity 1+,Africa:Senegal:Matam,,,2024,,,9,2024,0.3110961487774208,0.4117117683907879,0.2216946934736048,2
Age 15-24:Parity 1+,Africa:Senegal:Matam,,,2025,,,9,2025,0.3107632137072971,0.4187850911121284,0.2158811724037741,2
Age 15-24:Parity 1+,Africa:Senegal:Saint-Louis,,,1990,,,10,1990,0.3783733364362004,0.494949147712149,0.281746989524798,2
Age 15-24:Parity 1+,Africa:Senegal:Saint-Louis,,,1991,,,10,1991,0.3785608287386635,0.487139005316798,0.2886825105946393,2
Age 15-24:Parity 1+,Africa:Senegal:Saint-Louis,,,1992,,,10,1992,0.3789525570901336,0.4792062835767827,0.2963560595913745,2
Age 15-24:Parity 1+,Africa:Senegal:Saint-Louis,0.4927536231884058,0.0724021388997165,1993,Senegal,DHS_1993,10,1993,0.3794725595418024,0.4707424103031432,0.3051273714290162,2
Age 15-24:Parity 1+,Africa:Senegal:Saint-Louis,,,1994,,,10,1994,0.3770945692909295,0.47004724567084,0.3000607556571732,2
Age 15-24:Parity 1+,Africa:Senegal:Saint-Louis,,,1995,,,10,1995,0.3748315248866303,0.4686951201040839,0.2962208774931209,2
Age 15-24:Parity 1+,Africa:Senegal:Saint-Louis,,,1996,,,10,1996,0.3727681390566021,0.4669308405616619,0.29322740927696,2
Age 15-24:Parity 1+,Africa:Senegal:Saint-Louis,,,1997,,,10,1997,0.3709092671332679,0.4647761065589936,0.2910630529876465,2
Age 15-24:Parity 1+,Africa:Senegal:Saint-Louis,,,1998,,,10,1998,0.369261955127747,0.4622112268977857,0.2897655636610353,2
Age 15-24:Parity 1+,Africa:Senegal:Saint-Louis,,,1999,,,10,1999,0.3678272907295039,0.4591143447917323,0.2893491503224401,2
Age 15-24:Parity 1+,Africa:Senegal:Saint-Louis,,,2000,,,10,2000,0.366607613319833,0.4553990524592966,0.2898295802824491,2
Age 15-24:Parity 1+,Africa:Senegal:Saint-Louis,,,2001,,,10,2001,0.3656042608565941,0.4510466422562582,0.29125391410315,2
Age 15-24:Parity 1+,Africa:Senegal:Saint-Louis,,,2002,,,10,2002,0.3648205840175403,0.445851371720722,0.2938592076873051,2
Age 15-24:Parity 1+,Africa:Senegal:Saint-Louis,,,2003,,,10,2003,0.3642621500799482,0.4396313528940999,0.2977296795245749,2
Age 15-24:Parity 1+,Africa:Senegal:Saint-Louis,,,2004,,,10,2004,0.3639409331397112,0.4319307928555587,0.3031826159049429,2
Age 15-24:Parity 1+,Africa:Senegal:Saint-Louis,0.3721970048151766,0.047470814827023,2005,Senegal,DHS_2005,10,2005,0.3641754568384238,0.4218911967399074,0.3113219552487181,2
Age 15-24:Parity 1+,Africa:Senegal:Saint-Louis,,,2006,,,10,2006,0.3578750834727809,0.4209897913150724,0.3008416271531849,2
Age 15-24:Parity 1+,Africa:Senegal:Saint-Louis,,,2007,,,10,2007,0.3521619684730397,0.4168076605690044,0.2939113868711511,2
Age 15-24:Parity 1+,Africa:Senegal:Saint-Louis,,,2008,,,10,2008,0.3467190620223812,0.4099151248378493,0.2896892710843499,2
Age 15-24:Parity 1+,Africa:Senegal:Saint-Louis,,,2009,,,10,2009,0.3415307180927636,0.4002331088253246,0.2883494844004163,2
Age 15-24:Parity 1+,Africa:Senegal:Saint-Louis,0.3728910981412271,0.0517697576324046,2010,Senegal,DHS_2010,10,2010,0.3366101653004913,0.3867028245796331,0.290796288422782,2
Age 15-24:Parity 1+,Africa:Senegal:Saint-Louis,,,2011,,,10,2011,0.3294183161468131,0.3816329518776822,0.2815152251212048,2
Age 15-24:Parity 1+,Africa:Senegal:Saint-Louis,0.2746977426427926,0.0511162065596268,2012,Senegal,DHS_2012,10,2012,0.3228883295899618,0.3700401274048943,0.2784891888866204,2
Age 15-24:Parity 1+,Africa:Senegal:Saint-Louis,,,2013,,,10,2013,0.3125288818971163,0.3612217741061324,0.2676188907977566,2
Age 15-24:Parity 1+,Africa:Senegal:Saint-Louis,0.3369420738807676,0.0557636054642906,2014,Senegal,DHS_2014,10,2014,0.3027463425901758,0.3459871417292042,0.2628927894449734,2
Age 15-24:Parity 1+,Africa:Senegal:Saint-Louis,0.2672722781849607,0.055711940611807,2015,Senegal,DHS_2015,10,2015,0.2946332159487968,0.3353378452467888,0.2569633049484019,2
Age 15-24:Parity 1+,Africa:Senegal:Saint-Louis,0.3630155509780748,0.0376305447064651,2016,Senegal,DHS_2016,10,2016,0.2909577554098596,0.3288301074916174,0.2560301839776823,2
Age 15-24:Parity 1+,Africa:Senegal:Saint-Louis,0.2560132479256451,0.0357891088834356,2017,Senegal,DHS_2017,10,2017,0.2754248693078862,0.3132990426248355,0.2391928910549156,2
Age 15-24:Parity 1+,Africa:Senegal:Saint-Louis,0.2291124775226768,0.0391958862423623,2018,Senegal,DHS_2018,10,2018,0.250520953399812,0.2916052557684356,0.2108740977265048,2
Age 15-24:Parity 1+,Africa:Senegal:Saint-Louis,0.1235411226161965,0.0391284306401613,2019,Senegal,DHS_2019,10,2019,0.2392046087245624,0.2861300051343705,0.1932756645522541,2
Age 15-24:Parity 1+,Africa:Senegal:Saint-Louis,,,2020,,,10,2020,0.2387872214236203,0.2951358304211367,0.1839634004710827,2
Age 15-24:Parity 1+,Africa:Senegal:Saint-Louis,,,2021,,,10,2021,0.2381129313568368,0.3027665566392818,0.1763872325648074,2
Age 15-24:Parity 1+,Africa:Senegal:Saint-Louis,,,2022,,,10,2022,0.2375584612194089,0.3098724068582819,0.169950551015713,2
Age 15-24:Parity 1+,Africa:Senegal:Saint-Louis,,,2023,,,10,2023,0.2371421137432697,0.3166059366273318,0.1644119401422401,2
Age 15-24:Parity 1+,Africa:Senegal:Saint-Louis,,,2024,,,10,2024,0.2368725751086407,0.323157405920672,0.159553781913221,2
Age 15-24:Parity 1+,Africa:Senegal:Saint-Louis,,,2025,,,10,2025,0.23675932614489,0.3295896890855876,0.1552376464920471,2
Age 15-24:Parity 1+,Africa:Senegal:Diourbel,,,1990,,,11,1990,0.3142320977992178,0.4110290085684123,0.2275071323540296,2
Age 15-24:Parity 1+,Africa:Senegal:Diourbel,,,1991,,,11,1991,0.3143216506932678,0.4029688835476842,0.2339904070180463,2
Age 15-24:Parity 1+,Africa:Senegal:Diourbel,,,1992,,,11,1992,0.3145550124662332,0.3945981511414455,0.2411862054839322,2
Age 15-24:Parity 1+,Africa:Senegal:Diourbel,0.303030303030303,0.0534574430600552,1993,Senegal,DHS_1993,11,1993,0.3148611875291909,0.3853085216153339,0.2496032353189674,2
Age 15-24:Parity 1+,Africa:Senegal:Diourbel,,,1994,,,11,1994,0.3174414912728407,0.3919907132594791,0.2488560938035942,2
Age 15-24:Parity 1+,Africa:Senegal:Diourbel,,,1995,,,11,1995,0.3201146034464996,0.3974232737049222,0.2492883212392203,2
Age 15-24:Parity 1+,Africa:Senegal:Diourbel,,,1996,,,11,1996,0.3229492732833697,0.402199032884962,0.2506253839591244,2
Age 15-24:Parity 1+,Africa:Senegal:Diourbel,,,1997,,,11,1997,0.3259503418582248,0.4062335425590379,0.252862644587575,2
Age 15-24:Parity 1+,Africa:Senegal:Diourbel,,,1998,,,11,1998,0.3291215605005555,0.4096301130538605,0.2559668208533631,2
Age 15-24:Parity 1+,Africa:Senegal:Diourbel,,,1999,,,11,1999,0.3324645880679009,0.4122673531014679,0.2599677748954269,2
Age 15-24:Parity 1+,Africa:Senegal:Diourbel,,,2000,,,11,2000,0.3359832197774275,0.4141355019577558,0.2649808313015702,2
Age 15-24:Parity 1+,Africa:Senegal:Diourbel,,,2001,,,11,2001,0.3396798683890057,0.4150591339704398,0.2711249937798206,2
Age 15-24:Parity 1+,Africa:Senegal:Diourbel,,,2002,,,11,2002,0.3435580593741743,0.4148418748159168,0.2786245795776657,2
Age 15-24:Parity 1+,Africa:Senegal:Diourbel,,,2003,,,11,2003,0.3476248759008047,0.4132021903965188,0.2877089878159141,2
Age 15-24:Parity 1+,Africa:Senegal:Diourbel,,,2004,,,11,2004,0.3518977332435056,0.4094520478092924,0.29901664639118,2
Age 15-24:Parity 1+,Africa:Senegal:Diourbel,0.3703581236183273,0.0315643336268316,2005,Senegal,DHS_2005,11,2005,0.356710577513586,0.402015086655072,0.3143536733113787,2
Age 15-24:Parity 1+,Africa:Senegal:Diourbel,,,2006,,,11,2006,0.3528656858402427,0.4070132628025542,0.3033164155484641,2
Age 15-24:Parity 1+,Africa:Senegal:Diourbel,,,2007,,,11,2007,0.349538967457371,0.4071337448905885,0.2972202762498028,2
Age 15-24:Parity 1+,Africa:Senegal:Diourbel,,,2008,,,11,2008,0.3464085425407952,0.4035713492727076,0.2945736007492093,2
Age 15-24:Parity 1+,Africa:Senegal:Diourbel,,,2009,,,11,2009,0.3434619984509052,0.3962722950808243,0.2954631575861668,2
Age 15-24:Parity 1+,Africa:Senegal:Diourbel,0.349813316366264,0.0366831850654086,2010,Senegal,DHS_2010,11,2010,0.3407136741715152,0.3838301075625964,0.3013026357833872,2
Age 15-24:Parity 1+,Africa:Senegal:Diourbel,,,2011,,,11,2011,0.337162209953561,0.3845492989977637,0.2943345609086097,2
Age 15-24:Parity 1+,Africa:Senegal:Diourbel,0.3438228481430258,0.0408428521775417,2012,Senegal,DHS_2012,11,2012,0.3341829963010307,0.3766065079995943,0.2954926624173474,2
Age 15-24:Parity 1+,Africa:Senegal:Diourbel,,,2013,,,11,2013,0.3232036750882014,0.3689124458569994,0.2817579469028944,2
Age 15-24:Parity 1+,Africa:Senegal:Diourbel,0.3132136943988076,0.0446146196710913,2014,Senegal,DHS_2014,11,2014,0.3127674591371498,0.3530272115064524,0.2758856276628837,2
Age 15-24:Parity 1+,Africa:Senegal:Diourbel,0.2986101518824346,0.0540935124048804,2015,Senegal,DHS_2015,11,2015,0.306095134289269,0.3447969315571436,0.2706529337208847,2
Age 15-24:Parity 1+,Africa:Senegal:Diourbel,0.3560600729704943,0.043804592376578,2016,Senegal,DHS_2016,11,2016,0.3029614110160138,0.3391120833825291,0.2698954664761841,2
Age 15-24:Parity 1+,Africa:Senegal:Diourbel,0.2748654584791684,0.023710451456498,2017,Senegal,DHS_2017,11,2017,0.2923846095582446,0.3245715899483929,0.2620505643240596,2
Age 15-24:Parity 1+,Africa:Senegal:Diourbel,0.299381630678426,0.0475291854043102,2018,Senegal,DHS_2018,11,2018,0.2742357034482323,0.3112447233274792,0.2398466669684157,2
Age 15-24:Parity 1+,Africa:Senegal:Diourbel,0.2601753519397577,0.0335214226548216,2019,Senegal,DHS_2019,11,2019,0.2661312977688302,0.3068684481651574,0.2286284292504327,2
Age 15-24:Parity 1+,Africa:Senegal:Diourbel,,,2020,,,11,2020,0.2658626988808176,0.3188951020029436,0.2166283306351084,2
Age 15-24:Parity 1+,Africa:Senegal:Diourbel,,,2021,,,11,2021,0.265277532457675,0.3285154014704238,0.2074773481152468,2
Age 15-24:Parity 1+,Africa:Senegal:Diourbel,,,2022,,,11,2022,0.264787620331169,0.3370910503782644,0.1998647178435068,2
Age 15-24:Parity 1+,Africa:Senegal:Diourbel,,,2023,,,11,2023,0.2644170650158352,0.3450344991061607,0.1933307010968571,2
Age 15-24:Parity 1+,Africa:Senegal:Diourbel,,,2024,,,11,2024,0.2641733734321304,0.3525632623163284,0.1875926647219323,2
Age 15-24:Parity 1+,Africa:Senegal:Diourbel,,,2025,,,11,2025,0.2640597051728897,0.3598612281216133,0.1824717443971812,2
Age 15-24:Parity 1+,Africa:Senegal:Fatick,,,1990,,,12,1990,0.313499002781551,0.4130618453943039,0.2259971226379382,2
Age 15-24:Parity 1+,Africa:Senegal:Fatick,,,1991,,,12,1991,0.3135997640448361,0.4051512330253661,0.2322917707194632,2
Age 15-24:Parity 1+,Africa:Senegal:Fatick,,,1992,,,12,1992,0.3138473003171581,0.397037634548282,0.2392260461582595,2
Age 15-24:Parity 1+,Africa:Senegal:Fatick,0.3278688524590164,0.0608980539150072,1993,Senegal,DHS_1993,12,1993,0.3141766135091657,0.3880826960848963,0.247244468231641,2
Age 15-24:Parity 1+,Africa:Senegal:Fatick,,,1994,,,12,1994,0.3153817332715225,0.3928431681322673,0.2454869442399924,2
Age 15-24:Parity 1+,Africa:Senegal:Fatick,,,1995,,,12,1995,0.3166739600313656,0.3965504213068345,0.2447995396488807,2
Age 15-24:Parity 1+,Africa:Senegal:Fatick,,,1996,,,12,1996,0.318120403354645,0.3996521096804855,0.2449162633687318,2
Age 15-24:Parity 1+,Africa:Senegal:Fatick,,,1997,,,12,1997,0.3197282517921108,0.402143963167505,0.245769982350313,2
Age 15-24:Parity 1+,Africa:Senegal:Fatick,,,1998,,,12,1998,0.3214992413104679,0.4040519346619173,0.2474029333767336,2
Age 15-24:Parity 1+,Africa:Senegal:Fatick,,,1999,,,12,1999,0.3234380215436716,0.4052713028292356,0.2498220862896451,2
Age 15-24:Parity 1+,Africa:Senegal:Fatick,,,2000,,,12,2000,0.325547163338543,0.4058862529726247,0.2530659722467963,2
Age 15-24:Parity 1+,Africa:Senegal:Fatick,,,2001,,,12,2001,0.3278295672397927,0.4056767153973506,0.2572327675278384,2
Age 15-24:Parity 1+,Africa:Senegal:Fatick,,,2002,,,12,2002,0.3302893562309724,0.4045451194839786,0.2624706351955309,2
Age 15-24:Parity 1+,Africa:Senegal:Fatick,,,2003,,,12,2003,0.3329345232566558,0.4022610533460048,0.2689090060963039,2
Age 15-24:Parity 1+,Africa:Senegal:Fatick,,,2004,,,12,2004,0.3357818170627437,0.3984047861912897,0.2769404855652247,2
Age 15-24:Parity 1+,Africa:Senegal:Fatick,0.3310605744851892,0.0464141577576139,2005,Senegal,DHS_2005,12,2005,0.3391514084872398,0.3920519251984231,0.2875867157086493,2
Age 15-24:Parity 1+,Africa:Senegal:Fatick,,,2006,,,12,2006,0.3373307649949901,0.3954345469443777,0.2824492435005358,2
Age 15-24:Parity 1+,Africa:Senegal:Fatick,,,2007,,,12,2007,0.3360145339983419,0.3953801605473212,0.2806062452324769,2
Age 15-24:Parity 1+,Africa:Senegal:Fatick,,,2008,,,12,2008,0.3348865333441621,0.3923361416789911,0.2815032902679205,2
Age 15-24:Parity 1+,Africa:Senegal:Fatick,,,2009,,,12,2009,0.3339343628067531,0.3859508922438883,0.2854846599406513,2
Age 15-24:Parity 1+,Africa:Senegal:Fatick,0.3601662860751918,0.0334498247914884,2010,Senegal,DHS_2010,12,2010,0.3331856949777744,0.3744756249268269,0.2943435148224984,2
Age 15-24:Parity 1+,Africa:Senegal:Fatick,,,2011,,,12,2011,0.3279095331661162,0.3737176773143235,0.2846952505557271,2
Age 15-24:Parity 1+,Africa:Senegal:Fatick,0.2727188342180306,0.0371135049977526,2012,Senegal,DHS_2012,12,2012,0.3232473606398417,0.3645671612256079,0.282804250329385,2
Age 15-24:Parity 1+,Africa:Senegal:Fatick,,,2013,,,12,2013,0.3174311288035714,0.3627908877853597,0.2744363107767352,2
Age 15-24:Parity 1+,Africa:Senegal:Fatick,0.2532362003478158,0.0651841314207625,2014,Senegal,DHS_2014,12,2014,0.3120129823648687,0.3534629969493099,0.2729915103376677,2
Age 15-24:Parity 1+,Africa:Senegal:Fatick,0.3128792109284964,0.0360570868594315,2015,Senegal,DHS_2015,12,2015,0.3123080351482383,0.350735970571603,0.277171876591303,2
Age 15-24:Parity 1+,Africa:Senegal:Fatick,0.3707259782049366,0.0365457334628467,2016,Senegal,DHS_2016,12,2016,0.3157481470927363,0.3551480920270189,0.2806005945032393,2
Age 15-24:Parity 1+,Africa:Senegal:Fatick,0.3207661521108126,0.0497606394222293,2017,Senegal,DHS_2017,12,2017,0.3087624073259065,0.3512034854401313,0.2712891628275468,2
Age 15-24:Parity 1+,Africa:Senegal:Fatick,0.2584537547101541,0.0755593651100372,2018,Senegal,DHS_2018,12,2018,0.2881235141627354,0.3349366967200195,0.2470800652585232,2
Age 15-24:Parity 1+,Africa:Senegal:Fatick,0.2836300283964632,0.043098794609878,2019,Senegal,DHS_2019,12,2019,0.2806832248899485,0.3307625033433814,0.2371162163510384,2
Age 15-24:Parity 1+,Africa:Senegal:Fatick,,,2020,,,12,2020,0.2803692883418323,0.3416317656987018,0.2261335589990598,2
Age 15-24:Parity 1+,Africa:Senegal:Fatick,,,2021,,,12,2021,0.2797558619936874,0.350602152784475,0.2173458615346173,2
Age 15-24:Parity 1+,Africa:Senegal:Fatick,,,2022,,,12,2022,0.2792459044971089,0.3587810916375493,0.2099197222327455,2
Age 15-24:Parity 1+,Africa:Senegal:Fatick,,,2023,,,12,2023,0.2788598406684842,0.3665446061170436,0.2033935951558617,2
Age 15-24:Parity 1+,Africa:Senegal:Fatick,,,2024,,,12,2024,0.2786053234658938,0.3739119156588006,0.1976320235612867,2
Age 15-24:Parity 1+,Africa:Senegal:Fatick,,,2025,,,12,2025,0.2784859658663022,0.3811787084819265,0.192460333907795,2
Age 15-24:Parity 1+,Africa:Senegal:Kaffrine,,,1990,,,13,1990,0.3224073584511031,0.4287596185851121,0.229930749885316,2
Age 15-24:Parity 1+,Africa:Senegal:Kaffrine,,,1991,,,13,1991,0.3222103434137731,0.4204514585402782,0.2354093517369898,2
Age 15-24:Parity 1+,Africa:Senegal:Kaffrine,,,1992,,,13,1992,0.3217799923589871,0.4115047951313976,0.2410656616688541,2
Age 15-24:Parity 1+,Africa:Senegal:Kaffrine,0.2222222222222222,0.0611309611796428,1993,Senegal,DHS_1993,13,1993,0.3210403973565895,0.4015113934016184,0.2471553199996138,2
Age 15-24:Parity 1+,Africa:Senegal:Kaffrine,,,1994,,,13,1994,0.324976248029538,0.4082211680185593,0.2492390051789112,2
Age 15-24:Parity 1+,Africa:Senegal:Kaffrine,,,1995,,,13,1995,0.3286175305332513,0.4137764781164024,0.2517834925829565,2
Age 15-24:Parity 1+,Africa:Senegal:Kaffrine,,,1996,,,13,1996,0.3320329171999521,0.4184702974412921,0.2546268089830185,2
Age 15-24:Parity 1+,Africa:Senegal:Kaffrine,,,1997,,,13,1997,0.3352189933139722,0.4222323560412887,0.2578153602185842,2
Age 15-24:Parity 1+,Africa:Senegal:Kaffrine,,,1998,,,13,1998,0.3381732344479086,0.4250486650296926,0.2613384950328983,2
Age 15-24:Parity 1+,Africa:Senegal:Kaffrine,,,1999,,,13,1999,0.3408946833024088,0.4268687596384379,0.2653168768608263,2
Age 15-24:Parity 1+,Africa:Senegal:Kaffrine,,,2000,,,13,2000,0.3433826398499944,0.4275528353090765,0.2697892165346226,2
Age 15-24:Parity 1+,Africa:Senegal:Kaffrine,,,2001,,,13,2001,0.3456386106356179,0.4269558598200806,0.2748218562760304,2
Age 15-24:Parity 1+,Africa:Senegal:Kaffrine,,,2002,,,13,2002,0.3476693177668384,0.4248775479948779,0.2806634193286522,2
Age 15-24:Parity 1+,Africa:Senegal:Kaffrine,,,2003,,,13,2003,0.3494841746329217,0.4209982355640064,0.2874199506470042,2
Age 15-24:Parity 1+,Africa:Senegal:Kaffrine,,,2004,,,13,2004,0.3511084478982205,0.4147714624204108,0.2955742961802637,2
Age 15-24:Parity 1+,Africa:Senegal:Kaffrine,0.3885734840868171,0.0367106929334469,2005,Senegal,DHS_2005,13,2005,0.3528820306122587,0.404948987323704,0.3064777673168786,2
Age 15-24:Parity 1+,Africa:Senegal:Kaffrine,,,2006,,,13,2006,0.3431425326421521,0.4017321817379898,0.292294429297089,2
Age 15-24:Parity 1+,Africa:Senegal:Kaffrine,,,2007,,,13,2007,0.3337151271824089,0.3938565058355911,0.2817443301735635,2
Age 15-24:Parity 1+,Africa:Senegal:Kaffrine,,,2008,,,13,2008,0.3242608191338681,0.3821850194856019,0.2737766219494329,2
Age 15-24:Parity 1+,Africa:Senegal:Kaffrine,,,2009,,,13,2009,0.3147616048319164,0.3667483677712249,0.2686071465723239,2
Age 15-24:Parity 1+,Africa:Senegal:Kaffrine,0.2782105097685775,0.0321272640840687,2010,Senegal,DHS_2010,13,2010,0.3052203876639522,0.3462902213992636,0.2675045325985421,2
Age 15-24:Parity 1+,Africa:Senegal:Kaffrine,,,2011,,,13,2011,0.3001244717107315,0.3454809745157255,0.2595105067003584,2
Age 15-24:Parity 1+,Africa:Senegal:Kaffrine,0.346513994391069,0.0418992377077032,2012,Senegal,DHS_2012,13,2012,0.2952294575073442,0.3362092635692289,0.2584794484568268,2
Age 15-24:Parity 1+,Africa:Senegal:Kaffrine,,,2013,,,13,2013,0.2782173165418096,0.320843026100677,0.2392829534463893,2
Age 15-24:Parity 1+,Africa:Senegal:Kaffrine,0.2483432750447722,0.0366184471844351,2014,Senegal,DHS_2014,13,2014,0.261762981714541,0.298562860654725,0.226826480895557,2
Age 15-24:Parity 1+,Africa:Senegal:Kaffrine,0.2779640732956505,0.0562702974805845,2015,Senegal,DHS_2015,13,2015,0.2500255130103339,0.2863747389007612,0.2149933887682646,2
Age 15-24:Parity 1+,Africa:Senegal:Kaffrine,0.1708655860993805,0.0325449996397082,2016,Senegal,DHS_2016,13,2016,0.2393932912350845,0.2758288785180098,0.2039772464071866,2
Age 15-24:Parity 1+,Africa:Senegal:Kaffrine,0.215359363548431,0.0329136780320959,2017,Senegal,DHS_2017,13,2017,0.2325123908253805,0.2689333007548826,0.1973386881107235,2
Age 15-24:Parity 1+,Africa:Senegal:Kaffrine,0.2077997196063993,0.0453099617335795,2018,Senegal,DHS_2018,13,2018,0.216220630632463,0.255205539814873,0.1792644512539482,2
Age 15-24:Parity 1+,Africa:Senegal:Kaffrine,0.1611254263099321,0.0448711507790007,2019,Senegal,DHS_2019,13,2019,0.2103160737049789,0.2537972674996426,0.1695881913160022,2
Age 15-24:Parity 1+,Africa:Senegal:Kaffrine,,,2020,,,13,2020,0.211903681069682,0.2642909106370611,0.1634117727228514,2
Age 15-24:Parity 1+,Africa:Senegal:Kaffrine,,,2021,,,13,2021,0.2129190515196345,0.2734618055384136,0.1582818356114475,2
Age 15-24:Parity 1+,Africa:Senegal:Kaffrine,,,2022,,,13,2022,0.2137088149778069,0.2818404015486684,0.1537635139603232,2
Age 15-24:Parity 1+,Africa:Senegal:Kaffrine,,,2023,,,13,2023,0.214294034249478,0.2896279730343065,0.1496095990068031,2
Age 15-24:Parity 1+,Africa:Senegal:Kaffrine,,,2024,,,13,2024,0.2146869051411782,0.2968959113855255,0.1457215228755207,2
Age 15-24:Parity 1+,Africa:Senegal:Kaffrine,,,2025,,,13,2025,0.2148908580480955,0.3035559351584818,0.1420074429763719,2
Age 15-24:Parity 1+,Africa:Senegal:Kaolack,,,1990,,,14,1990,0.2943549147569126,0.3842006516163666,0.2138309786263639,2
Age 15-24:Parity 1+,Africa:Senegal:Kaolack,,,1991,,,14,1991,0.2942071139974833,0.375566889713971,0.2199421191682798,2
Age 15-24:Parity 1+,Africa:Senegal:Kaolack,,,1992,,,14,1992,0.2939252617468318,0.366153149055527,0.2266311371285416,2
Age 15-24:Parity 1+,Africa:Senegal:Kaolack,0.2478632478632479,0.0383388966997067,1993,Senegal,DHS_1993,14,1993,0.293430038622505,0.3553185094773252,0.2343517516832867,2
Age 15-24:Parity 1+,Africa:Senegal:Kaolack,,,1994,,,14,1994,0.2985273179387132,0.3660102187423531,0.2351507869858635,2
Age 15-24:Parity 1+,Africa:Senegal:Kaolack,,,1995,,,14,1995,0.3034439366358608,0.375135091602196,0.2370564919683917,2
Age 15-24:Parity 1+,Africa:Senegal:Kaolack,,,1996,,,14,1996,0.3082582525526605,0.3831713247171376,0.239695793452404,2
Age 15-24:Parity 1+,Africa:Senegal:Kaolack,,,1997,,,14,1997,0.3129744829792782,0.3901661966075598,0.2430566483148561,2
Age 15-24:Parity 1+,Africa:Senegal:Kaolack,,,1998,,,14,1998,0.317592209894137,0.3960713323096708,0.2470769718293792,2
Age 15-24:Parity 1+,Africa:Senegal:Kaolack,,,1999,,,14,1999,0.3221127473061123,0.4009853636712278,0.2517791086198592,2
Age 15-24:Parity 1+,Africa:Senegal:Kaolack,,,2000,,,14,2000,0.3265357587810852,0.4047111681394736,0.2572303326881552,2
Age 15-24:Parity 1+,Africa:Senegal:Kaolack,,,2001,,,14,2001,0.3308613827444043,0.4071599940310584,0.2635244949507864,2
Age 15-24:Parity 1+,Africa:Senegal:Kaolack,,,2002,,,14,2002,0.3350915113892474,0.4081391213602199,0.270794696795436,2
Age 15-24:Parity 1+,Africa:Senegal:Kaolack,,,2003,,,14,2003,0.3392346260620172,0.4074427185025389,0.279280763351057,2
Age 15-24:Parity 1+,Africa:Senegal:Kaolack,,,2004,,,14,2004,0.3433079472240821,0.4044268122950469,0.2894062087070063,2
Age 15-24:Parity 1+,Africa:Senegal:Kaolack,0.3659460578105258,0.0372756297600137,2005,Senegal,DHS_2005,14,2005,0.3476346042028926,0.3979190655183094,0.3025814706687247,2
Age 15-24:Parity 1+,Africa:Senegal:Kaolack,,,2006,,,14,2006,0.3434324723112137,0.4011430039405165,0.2930956413850514,2
Age 15-24:Parity 1+,Africa:Senegal:Kaolack,,,2007,,,14,2007,0.3394868762855599,0.3996710144304369,0.2875262103307049,2
Age 15-24:Parity 1+,Africa:Senegal:Kaolack,,,2008,,,14,2008,0.3354816476213861,0.3943214106375631,0.2847552517730849,2
Age 15-24:Parity 1+,Africa:Senegal:Kaolack,,,2009,,,14,2009,0.3314102632796203,0.3849184232781289,0.2850418053127195,2
Age 15-24:Parity 1+,Africa:Senegal:Kaolack,0.3445522079733396,0.0309307692042269,2010,Senegal,DHS_2010,14,2010,0.3273086634120967,0.3698675805535598,0.2898772737970966,2
Age 15-24:Parity 1+,Africa:Senegal:Kaolack,,,2011,,,14,2011,0.320156149951307,0.3681255010310496,0.2785025566781862,2
Age 15-24:Parity 1+,Africa:Senegal:Kaolack,0.3536666012439879,0.0625895336905597,2012,Senegal,DHS_2012,14,2012,0.3133935808981857,0.3577677508824041,0.274440935235252,2
Age 15-24:Parity 1+,Africa:Senegal:Kaolack,,,2013,,,14,2013,0.2979187659033203,0.3421012562512165,0.2582636020011878,2
Age 15-24:Parity 1+,Africa:Senegal:Kaolack,0.2688005764503346,0.0323627534648006,2014,Senegal,DHS_2014,14,2014,0.2829369492365966,0.3189183756693456,0.2492549199283712,2
Age 15-24:Parity 1+,Africa:Senegal:Kaolack,0.2685422380604341,0.037473218495921,2015,Senegal,DHS_2015,14,2015,0.2734773761696813,0.3080605574272766,0.2407269875696747,2
Age 15-24:Parity 1+,Africa:Senegal:Kaolack,0.2519865962834304,0.0420270801868702,2016,Senegal,DHS_2016,14,2016,0.2671736103865454,0.301750226909447,0.2341769889419421,2
Age 15-24:Parity 1+,Africa:Senegal:Kaolack,0.254091701381728,0.0267926247432381,2017,Senegal,DHS_2017,14,2017,0.259909100678873,0.2933042777408876,0.2281012865825591,2
Age 15-24:Parity 1+,Africa:Senegal:Kaolack,0.2481996378173792,0.0495593069410759,2018,Senegal,DHS_2018,14,2018,0.2418515194918309,0.2801157813348721,0.2059779632365066,2
Age 15-24:Parity 1+,Africa:Senegal:Kaolack,0.1853856809385291,0.043316808198592,2019,Senegal,DHS_2019,14,2019,0.2343046847891095,0.2778884385456778,0.1939263676298091,2
Age 15-24:Parity 1+,Africa:Senegal:Kaolack,,,2020,,,14,2020,0.2354659676416073,0.2893814774293214,0.1859268002780913,2
Age 15-24:Parity 1+,Africa:Senegal:Kaolack,,,2021,,,14,2021,0.236100263699293,0.2991047120286195,0.1794684631424034,2
Age 15-24:Parity 1+,Africa:Senegal:Kaolack,,,2022,,,14,2022,0.2365847573496827,0.3079177223280643,0.1739122158214506,2
Age 15-24:Parity 1+,Africa:Senegal:Kaolack,,,2023,,,14,2023,0.2369421860650339,0.3160266365891271,0.1689598140152935,2
Age 15-24:Parity 1+,Africa:Senegal:Kaolack,,,2024,,,14,2024,0.2371803540973324,0.32356566701307,0.1644209328123647,2
Age 15-24:Parity 1+,Africa:Senegal:Kaolack,,,2025,,,14,2025,0.23730557195658,0.3306664470781908,0.1601690422123406,2
