subgroup,state,traditional_method,se.traditional_method,year,country,survey,dist.id,period.id,pred,pred_upper,pred_lower,model
Age 15-24:Parity 1+,Africa:Senegal:Dakar,,,1990,,,1,1990,0.0488203094856558,0.1491243362888202,0.0150606148014156,2
Age 15-24:Parity 1+,Africa:Senegal:Dakar,,,1991,,,1,1991,0.0489113081940573,0.1305430679840667,0.0175359231044441,2
Age 15-24:Parity 1+,Africa:Senegal:Dakar,,,1992,,,1,1992,0.0490934806619578,0.1115455175591977,0.0208932994715927,2
Age 15-24:Parity 1+,Africa:Senegal:Dakar,0.0473684210526315,0.016905013100019,1993,Senegal,DHS_1993,1,1993,0.0494550547773052,0.0911100019756929,0.0258961900279582,2
Age 15-24:Parity 1+,Africa:Senegal:Dakar,,,1994,,,1,1994,0.0452245438369135,0.0988138581321355,0.0200133737161437,2
Age 15-24:Parity 1+,Africa:Senegal:Dakar,,,1995,,,1,1995,0.0415486455266508,0.1016839213084775,0.0161469996703299,2
Age 15-24:Parity 1+,Africa:Senegal:Dakar,,,1996,,,1,1996,0.0382506821477692,0.1013348613585765,0.0134568618082084,2
Age 15-24:Parity 1+,Africa:Senegal:Dakar,,,1997,,,1,1997,0.0352652825012519,0.0987421647959189,0.0115033914300765,2
Age 15-24:Parity 1+,Africa:Senegal:Dakar,,,1998,,,1,1998,0.0325529994875077,0.0943986722512062,0.0100696761735423,2
Age 15-24:Parity 1+,Africa:Senegal:Dakar,,,1999,,,1,1999,0.0300793865189066,0.0888757001782359,0.0090026306807126,2
Age 15-24:Parity 1+,Africa:Senegal:Dakar,,,2000,,,1,2000,0.0278174708651447,0.0824181468304904,0.0082071785945247,2
Age 15-24:Parity 1+,Africa:Senegal:Dakar,,,2001,,,1,2001,0.025744111044279,0.0753733080350596,0.0076327753539972,2
Age 15-24:Parity 1+,Africa:Senegal:Dakar,,,2002,,,1,2002,0.0238335476502623,0.0679495619179998,0.0072571016121915,2
Age 15-24:Parity 1+,Africa:Senegal:Dakar,,,2003,,,1,2003,0.0220659744618985,0.0604484895378696,0.0070565036812533,2
Age 15-24:Parity 1+,Africa:Senegal:Dakar,,,2004,,,1,2004,0.0204140579050658,0.0531595045516842,0.0070546534594811,2
Age 15-24:Parity 1+,Africa:Senegal:Dakar,0.0,0.0,2005,Senegal,DHS_2005,1,2005,0.018823304193232,0.0462134975295798,0.0073252551449359,2
Age 15-24:Parity 1+,Africa:Senegal:Dakar,,,2006,,,1,2006,0.0188694822008479,0.0473990106678345,0.0069080028103742,2
Age 15-24:Parity 1+,Africa:Senegal:Dakar,,,2007,,,1,2007,0.0188735788118717,0.0472960645795931,0.0068393598917416,2
Age 15-24:Parity 1+,Africa:Senegal:Dakar,,,2008,,,1,2008,0.0188661017271897,0.0457951459438159,0.0070928746184045,2
Age 15-24:Parity 1+,Africa:Senegal:Dakar,,,2009,,,1,2009,0.018842892504571,0.0428728577831685,0.0077492772473077,2
Age 15-24:Parity 1+,Africa:Senegal:Dakar,0.0229796774532933,0.0128428411387914,2010,Senegal,DHS_2010,1,2010,0.0187395459091795,0.0385814689904001,0.0091100660115987,2
Age 15-24:Parity 1+,Africa:Senegal:Dakar,,,2011,,,1,2011,0.0215333036895757,0.0455696001607306,0.0100490024081905,2
Age 15-24:Parity 1+,Africa:Senegal:Dakar,0.0241590012767856,0.0229008922281831,2012,Senegal,DHS_2012,1,2012,0.0246427634027937,0.050406110841874,0.012229644218626,2
Age 15-24:Parity 1+,Africa:Senegal:Dakar,,,2013,,,1,2013,0.0260734936886483,0.0575355043613007,0.0122142581933632,2
Age 15-24:Parity 1+,Africa:Senegal:Dakar,0.0465485080577158,0.0443137171714988,2014,Senegal,DHS_2014,1,2014,0.0277289764167982,0.059003764388224,0.0133947939238804,2
Age 15-24:Parity 1+,Africa:Senegal:Dakar,0.0,0.0,2015,Senegal,DHS_2015,1,2015,0.0277043127706137,0.0595747706540161,0.013165155669949,2
Age 15-24:Parity 1+,Africa:Senegal:Dakar,0.0,0.0,2016,Senegal,DHS_2016,1,2016,0.0292560771379468,0.0644154953849987,0.0136933338576099,2
Age 15-24:Parity 1+,Africa:Senegal:Dakar,0.0303572777444412,0.0168642155967671,2017,Senegal,DHS_2017,1,2017,0.0234105210092752,0.0491141783603909,0.0112262122188788,2
Age 15-24:Parity 1+,Africa:Senegal:Dakar,0.0,0.0,2018,Senegal,DHS_2018,1,2018,0.0262900366905078,0.0608537767466027,0.0114518250339257,2
Age 15-24:Parity 1+,Africa:Senegal:Dakar,0.0,0.0,2019,Senegal,DHS_2019,1,2019,0.0247425844949942,0.0619863627900707,0.0097985517329849,2
Age 15-24:Parity 1+,Africa:Senegal:Dakar,,,2020,,,1,2020,0.0245388327596222,0.071525802745931,0.0082567738929357,2
Age 15-24:Parity 1+,Africa:Senegal:Dakar,,,2021,,,1,2021,0.0243716810965748,0.0810408641883669,0.0071022126530358,2
Age 15-24:Parity 1+,Africa:Senegal:Dakar,,,2022,,,1,2022,0.0242406950128454,0.0906396944557925,0.0061969634865374,2
Age 15-24:Parity 1+,Africa:Senegal:Dakar,,,2023,,,1,2023,0.02414431262841,0.1005762493289213,0.0054716820018071,2
Age 15-24:Parity 1+,Africa:Senegal:Dakar,,,2024,,,1,2024,0.0240816982588265,0.11078882527073,0.0048813693562247,2
Age 15-24:Parity 1+,Africa:Senegal:Dakar,,,2025,,,1,2025,0.0240523913562196,0.1214731141000739,0.004382487469986,2
Age 15-24:Parity 1+,Africa:Senegal:Sédhiou,,,1990,,,2,1990,0.076471861298466,0.2444545286452397,0.0227095775836428,2
Age 15-24:Parity 1+,Africa:Senegal:Sédhiou,,,1991,,,2,1991,0.0766964199177929,0.218799415601122,0.0258703404964879,2
Age 15-24:Parity 1+,Africa:Senegal:Sédhiou,,,1992,,,2,1992,0.0770670962855337,0.1922284093835584,0.0298445947107792,2
Age 15-24:Parity 1+,Africa:Senegal:Sédhiou,0.0925925925925925,0.0464286946046928,1993,Senegal,DHS_1993,2,1993,0.0777747498159649,0.1635616127793217,0.034945510980886,2
Age 15-24:Parity 1+,Africa:Senegal:Sédhiou,,,1994,,,2,1994,0.0694990258915933,0.1657757711098701,0.0284833731455919,2
Age 15-24:Parity 1+,Africa:Senegal:Sédhiou,,,1995,,,2,1995,0.06238900310102,0.16225663908583,0.0236132338207542,2
Age 15-24:Parity 1+,Africa:Senegal:Sédhiou,,,1996,,,2,1996,0.0561115118743713,0.1551936674727012,0.019919126926502,2
Age 15-24:Parity 1+,Africa:Senegal:Sédhiou,,,1997,,,2,1997,0.0505232071902613,0.1455537394888728,0.0171031012669773,2
Age 15-24:Parity 1+,Africa:Senegal:Sédhiou,,,1998,,,2,1998,0.0455238265592712,0.1341060090015075,0.0149166225401753,2
Age 15-24:Parity 1+,Africa:Senegal:Sédhiou,,,1999,,,2,1999,0.0410419402623166,0.121427858592784,0.0132565718123837,2
Age 15-24:Parity 1+,Africa:Senegal:Sédhiou,,,2000,,,2,2000,0.0370125818588518,0.1080976772342482,0.01198370779147,2
Age 15-24:Parity 1+,Africa:Senegal:Sédhiou,,,2001,,,2,2001,0.0333852393720635,0.0946166815602431,0.0110542991036149,2
Age 15-24:Parity 1+,Africa:Senegal:Sédhiou,,,2002,,,2,2002,0.0301093035868199,0.0812140423846397,0.0104272388331607,2
Age 15-24:Parity 1+,Africa:Senegal:Sédhiou,,,2003,,,2,2003,0.0271410311902771,0.0682330307029714,0.010100025496765,2
Age 15-24:Parity 1+,Africa:Senegal:Sédhiou,,,2004,,,2,2004,0.0244304410700476,0.0559701760190706,0.0101377746074263,2
Age 15-24:Parity 1+,Africa:Senegal:Sédhiou,0.0319491347298521,0.0174996332371501,2005,Senegal,DHS_2005,2,2005,0.0218809472918408,0.0447255442129883,0.0107656915168375,2
Age 15-24:Parity 1+,Africa:Senegal:Sédhiou,,,2006,,,2,2006,0.0206009630661006,0.0455950468733623,0.0087787891307328,2
Age 15-24:Parity 1+,Africa:Senegal:Sédhiou,,,2007,,,2,2007,0.0193280109784762,0.0444339851738617,0.0076838998745492,2
Age 15-24:Parity 1+,Africa:Senegal:Sédhiou,,,2008,,,2,2008,0.0181079175283469,0.0416048273017937,0.0071050782573878,2
Age 15-24:Parity 1+,Africa:Senegal:Sédhiou,,,2009,,,2,2009,0.0169332917955224,0.037456212804971,0.0069515265005849,2
Age 15-24:Parity 1+,Africa:Senegal:Sédhiou,0.0067569229931032,0.0066535094366961,2010,Senegal,DHS_2010,2,2010,0.0157475746341371,0.0324043540997413,0.0073212592056216,2
Age 15-24:Parity 1+,Africa:Senegal:Sédhiou,,,2011,,,2,2011,0.0176214242181763,0.0361050385892348,0.0082123282665729,2
Age 15-24:Parity 1+,Africa:Senegal:Sédhiou,0.0231867498685053,0.0166690393244654,2012,Senegal,DHS_2012,2,2012,0.0196251024258144,0.0373580412183704,0.0102457301797555,2
Age 15-24:Parity 1+,Africa:Senegal:Sédhiou,,,2013,,,2,2013,0.0200121504103914,0.0407878605106601,0.0098874259277159,2
Age 15-24:Parity 1+,Africa:Senegal:Sédhiou,0.0,0.0,2014,Senegal,DHS_2014,2,2014,0.0204721542643637,0.0394351638878109,0.0107056348924235,2
Age 15-24:Parity 1+,Africa:Senegal:Sédhiou,0.0282531151343361,0.0151481316624542,2015,Senegal,DHS_2015,2,2015,0.019991228451783,0.0356337387968915,0.0111542539790809,2
Age 15-24:Parity 1+,Africa:Senegal:Sédhiou,0.0180814863737849,0.0133371067613075,2016,Senegal,DHS_2016,2,2016,0.0198954496337832,0.0365140830852723,0.0108144694181469,2
Age 15-24:Parity 1+,Africa:Senegal:Sédhiou,0.007662031999447,0.0054473414186219,2017,Senegal,DHS_2017,2,2017,0.0150446356346819,0.0275039580958151,0.0077853907938793,2
Age 15-24:Parity 1+,Africa:Senegal:Sédhiou,0.018531293509946,0.0114215681557283,2018,Senegal,DHS_2018,2,2018,0.0169266505296495,0.0317550152263459,0.0087050471642749,2
Age 15-24:Parity 1+,Africa:Senegal:Sédhiou,0.0092759563814332,0.0092778008906109,2019,Senegal,DHS_2019,2,2019,0.0158067815357134,0.0323230249130389,0.0072456687153113,2
Age 15-24:Parity 1+,Africa:Senegal:Sédhiou,,,2020,,,2,2020,0.0157750411963918,0.0387828737607148,0.0058757604015275,2
Age 15-24:Parity 1+,Africa:Senegal:Sédhiou,,,2021,,,2,2021,0.0157387755876359,0.0451680196701557,0.004946797920698,2
Age 15-24:Parity 1+,Africa:Senegal:Sédhiou,,,2022,,,2,2022,0.0157084846634564,0.0516669604089232,0.0042587932465967,2
Age 15-24:Parity 1+,Africa:Senegal:Sédhiou,,,2023,,,2,2023,0.0156853610262264,0.0582304260974554,0.0037238037022918,2
Age 15-24:Parity 1+,Africa:Senegal:Sédhiou,,,2024,,,2,2024,0.0156711681130841,0.0651383764144292,0.0032941023625704,2
Age 15-24:Parity 1+,Africa:Senegal:Sédhiou,,,2025,,,2,2025,0.0156664872287204,0.0721787875323844,0.002943776653675,2
Age 15-24:Parity 1+,Africa:Senegal:Tambacounda,,,1990,,,3,1990,0.0531622864772887,0.2365113149132876,0.0102511969099257,2
Age 15-24:Parity 1+,Africa:Senegal:Tambacounda,,,1991,,,3,1991,0.0533392730944329,0.2156511903121745,0.0111460805622122,2
Age 15-24:Parity 1+,Africa:Senegal:Tambacounda,,,1992,,,3,1992,0.0535027264992406,0.1942684753582769,0.0120915009975158,2
Age 15-24:Parity 1+,Africa:Senegal:Tambacounda,0.0,0.0,1993,Senegal,DHS_1993,3,1993,0.0537531029796935,0.1724929603487579,0.0130547627415091,2
Age 15-24:Parity 1+,Africa:Senegal:Tambacounda,,,1994,,,3,1994,0.0481445948843974,0.1626782605267668,0.0119615365165788,2
Age 15-24:Parity 1+,Africa:Senegal:Tambacounda,,,1995,,,3,1995,0.0432027550661668,0.1507883967872966,0.0108927493352062,2
Age 15-24:Parity 1+,Africa:Senegal:Tambacounda,,,1996,,,3,1996,0.0387671047125468,0.1377073122486404,0.009884352830226,2
Age 15-24:Parity 1+,Africa:Senegal:Tambacounda,,,1997,,,3,1997,0.0347656648061861,0.1239953227264394,0.0089806943856565,2
Age 15-24:Parity 1+,Africa:Senegal:Tambacounda,,,1998,,,3,1998,0.0311480604617496,0.1102897941695717,0.0081831498165435,2
Age 15-24:Parity 1+,Africa:Senegal:Tambacounda,,,1999,,,3,1999,0.0278730161388442,0.096689572523744,0.007482745341733,2
Age 15-24:Parity 1+,Africa:Senegal:Tambacounda,,,2000,,,3,2000,0.0249075428759385,0.0835508271026806,0.0068732220712604,2
Age 15-24:Parity 1+,Africa:Senegal:Tambacounda,,,2001,,,3,2001,0.0222212100969795,0.0710217606564971,0.0063740926777068,2
Age 15-24:Parity 1+,Africa:Senegal:Tambacounda,,,2002,,,3,2002,0.0197865467497505,0.0594200468752438,0.0059711577440708,2
Age 15-24:Parity 1+,Africa:Senegal:Tambacounda,,,2003,,,3,2003,0.0175782454341183,0.0488262287486484,0.0056723599858485,2
Age 15-24:Parity 1+,Africa:Senegal:Tambacounda,,,2004,,,3,2004,0.0155688304419811,0.0393314789540629,0.0055094176357061,2
Age 15-24:Parity 1+,Africa:Senegal:Tambacounda,0.003605694610787,0.0037078301800303,2005,Senegal,DHS_2005,3,2005,0.0137125964038502,0.0310267581051673,0.0055304673308857,2
Age 15-24:Parity 1+,Africa:Senegal:Tambacounda,,,2006,,,3,2006,0.0134877292458153,0.0320392650779385,0.0050541934720402,2
Age 15-24:Parity 1+,Africa:Senegal:Tambacounda,,,2007,,,3,2007,0.013219780436589,0.0317938104984666,0.004825861261801,2
Age 15-24:Parity 1+,Africa:Senegal:Tambacounda,,,2008,,,3,2008,0.0129184353732762,0.0304259089992456,0.0048053980275809,2
Age 15-24:Parity 1+,Africa:Senegal:Tambacounda,,,2009,,,3,2009,0.0125768324422286,0.0280025715944428,0.0050164633848225,2
Age 15-24:Parity 1+,Africa:Senegal:Tambacounda,0.0030607532983305,0.003120016726498,2010,Senegal,DHS_2010,3,2010,0.0121490960161289,0.0247076089275888,0.0056177838022977,2
Age 15-24:Parity 1+,Africa:Senegal:Tambacounda,,,2011,,,3,2011,0.0142676761404989,0.0284867959947977,0.0068222374571499,2
Age 15-24:Parity 1+,Africa:Senegal:Tambacounda,0.0299034423634045,0.0148448208074358,2012,Senegal,DHS_2012,3,2012,0.0166523463931326,0.0300904263369632,0.0092252234445248,2
Age 15-24:Parity 1+,Africa:Senegal:Tambacounda,,,2013,,,3,2013,0.0167814304614412,0.032746686225968,0.0086736787350346,2
Age 15-24:Parity 1+,Africa:Senegal:Tambacounda,0.0131765675296703,0.0082460543289158,2014,Senegal,DHS_2014,3,2014,0.0169388795451799,0.0309149204559093,0.0092464425670383,2
Age 15-24:Parity 1+,Africa:Senegal:Tambacounda,0.0188193746368846,0.011039639177942,2015,Senegal,DHS_2015,3,2015,0.016563382341982,0.030219841659081,0.0089247229057312,2
Age 15-24:Parity 1+,Africa:Senegal:Tambacounda,0.0,0.0,2016,Senegal,DHS_2016,3,2016,0.0168801654257536,0.0337130142133622,0.008265023077582,2
Age 15-24:Parity 1+,Africa:Senegal:Tambacounda,0.0036060954262696,0.0037317080810861,2017,Senegal,DHS_2017,3,2017,0.0129724855123223,0.026344650206196,0.0059134674202408,2
Age 15-24:Parity 1+,Africa:Senegal:Tambacounda,0.0,0.0,2018,Senegal,DHS_2018,3,2018,0.0147812366415534,0.0317686512581135,0.0064248402260531,2
Age 15-24:Parity 1+,Africa:Senegal:Tambacounda,0.0083592658504823,0.0087877457206399,2019,Senegal,DHS_2019,3,2019,0.0140357252634049,0.0317770711767886,0.005754212322236,2
Age 15-24:Parity 1+,Africa:Senegal:Tambacounda,,,2020,,,3,2020,0.0141955172036546,0.038052569221112,0.0048845951743336,2
Age 15-24:Parity 1+,Africa:Senegal:Tambacounda,,,2021,,,3,2021,0.0143255336753269,0.0444267976342342,0.0042401211589759,2
Age 15-24:Parity 1+,Africa:Senegal:Tambacounda,,,2022,,,3,2022,0.0144297475687067,0.0509137178825058,0.00373383833737,2
Age 15-24:Parity 1+,Africa:Senegal:Tambacounda,,,2023,,,3,2023,0.0145083263564169,0.0576191968254876,0.0033181422525993,2
Age 15-24:Parity 1+,Africa:Senegal:Tambacounda,,,2024,,,3,2024,0.0145612714657217,0.0644360904403029,0.0029733253406075,2
Age 15-24:Parity 1+,Africa:Senegal:Tambacounda,,,2025,,,3,2025,0.014588600452145,0.0714717767242498,0.0026702000383194,2
Age 15-24:Parity 1+,Africa:Senegal:Thiès,,,1990,,,4,1990,0.0373632644932915,0.1271160459530963,0.0107105921499175,2
Age 15-24:Parity 1+,Africa:Senegal:Thiès,,,1991,,,4,1991,0.0374147541685126,0.1115819120472577,0.0122412932908244,2
Age 15-24:Parity 1+,Africa:Senegal:Thiès,,,1992,,,4,1992,0.0374906723140638,0.0958385842630665,0.0141719983886875,2
Age 15-24:Parity 1+,Africa:Senegal:Thiès,0.0291970802919708,0.0143251882018845,1993,Senegal,DHS_1993,4,1993,0.0376875022978754,0.0793518711010867,0.0166959784068015,2
Age 15-24:Parity 1+,Africa:Senegal:Thiès,,,1994,,,4,1994,0.0348084043416693,0.0842788170099017,0.0139953633307036,2
Age 15-24:Parity 1+,Africa:Senegal:Thiès,,,1995,,,4,1995,0.03228572630606,0.0858297476200626,0.0119644195756007,2
Age 15-24:Parity 1+,Africa:Senegal:Thiès,,,1996,,,4,1996,0.0299799570678927,0.0850119251314988,0.0104119917626129,2
Age 15-24:Parity 1+,Africa:Senegal:Thiès,,,1997,,,4,1997,0.0278461677745897,0.0823587949477479,0.0092112082335539,2
Age 15-24:Parity 1+,Africa:Senegal:Thiès,,,1998,,,4,1998,0.0258619692957876,0.0782391125612974,0.0082717074128553,2
Age 15-24:Parity 1+,Africa:Senegal:Thiès,,,1999,,,4,1999,0.0240088988656798,0.072969344887201,0.0075502549801087,2
Age 15-24:Parity 1+,Africa:Senegal:Thiès,,,2000,,,4,2000,0.0222754082695255,0.0670180101359675,0.0069961958473021,2
Age 15-24:Parity 1+,Africa:Senegal:Thiès,,,2001,,,4,2001,0.0206481397498603,0.0604145645792576,0.0065953792429207,2
Age 15-24:Parity 1+,Africa:Senegal:Thiès,,,2002,,,4,2002,0.0191174767257112,0.0535864127534718,0.0063389804777112,2
Age 15-24:Parity 1+,Africa:Senegal:Thiès,,,2003,,,4,2003,0.0176696992464118,0.0466692850014697,0.0062209353553011,2
Age 15-24:Parity 1+,Africa:Senegal:Thiès,,,2004,,,4,2004,0.0162880419834557,0.0398786018998209,0.0062876798631937,2
Age 15-24:Parity 1+,Africa:Senegal:Thiès,0.0193205000192956,0.0149553856324109,2005,Senegal,DHS_2005,4,2005,0.0149257370593408,0.0334732985425031,0.0066400946497327,2
Age 15-24:Parity 1+,Africa:Senegal:Thiès,,,2006,,,4,2006,0.0146789174764116,0.0352487693636844,0.0057916401399553,2
Age 15-24:Parity 1+,Africa:Senegal:Thiès,,,2007,,,4,2007,0.0143714024412894,0.0357603040289659,0.0053533404088377,2
Age 15-24:Parity 1+,Africa:Senegal:Thiès,,,2008,,,4,2008,0.0140323497616375,0.0350460145237653,0.0051779497068443,2
Age 15-24:Parity 1+,Africa:Senegal:Thiès,,,2009,,,4,2009,0.0136587422439523,0.0332529518291469,0.005251038488666,2
Age 15-24:Parity 1+,Africa:Senegal:Thiès,0.0,0.0,2010,Senegal,DHS_2010,4,2010,0.0132112938990815,0.030578187114699,0.0056560310213088,2
Age 15-24:Parity 1+,Africa:Senegal:Thiès,,,2011,,,4,2011,0.0149921231617979,0.0338967383673485,0.0064979244900039,2
Age 15-24:Parity 1+,Africa:Senegal:Thiès,0.0105171943140946,0.0108431228882406,2012,Senegal,DHS_2012,4,2012,0.0169151169468303,0.0354645881130547,0.0081263159530684,2
Age 15-24:Parity 1+,Africa:Senegal:Thiès,,,2013,,,4,2013,0.0178407797006901,0.0394781510921553,0.0082268372701678,2
Age 15-24:Parity 1+,Africa:Senegal:Thiès,0.0,0.0,2014,Senegal,DHS_2014,4,2014,0.0188428499959701,0.0396566064908402,0.0091528951024063,2
Age 15-24:Parity 1+,Africa:Senegal:Thiès,0.0121073939840654,0.0119298190233963,2015,Senegal,DHS_2015,4,2015,0.018977388935989,0.0374855884376105,0.0096853172050993,2
Age 15-24:Parity 1+,Africa:Senegal:Thiès,0.0354450236731911,0.0209531777772994,2016,Senegal,DHS_2016,4,2016,0.020450699384015,0.0396121927338637,0.0107095226349044,2
Age 15-24:Parity 1+,Africa:Senegal:Thiès,0.0119212542594988,0.0090289862307029,2017,Senegal,DHS_2017,4,2017,0.0159010429584471,0.0314724464068757,0.0079113726378314,2
Age 15-24:Parity 1+,Africa:Senegal:Thiès,0.0,0.0,2018,Senegal,DHS_2018,4,2018,0.0180231939509777,0.0382213065890121,0.0085014449107434,2
Age 15-24:Parity 1+,Africa:Senegal:Thiès,0.0132157916498545,0.0139354933709732,2019,Senegal,DHS_2019,4,2019,0.0170748529462408,0.0383535877379964,0.0075348324944901,2
Age 15-24:Parity 1+,Africa:Senegal:Thiès,,,2020,,,4,2020,0.017147689885642,0.0457109791299514,0.0063078737288898,2
Age 15-24:Parity 1+,Africa:Senegal:Thiès,,,2021,,,4,2021,0.0171996677298325,0.0531008684653579,0.0054299318720609,2
Age 15-24:Parity 1+,Africa:Senegal:Thiès,,,2022,,,4,2022,0.017239341089508,0.0606103921639593,0.0047454348183354,2
Age 15-24:Parity 1+,Africa:Senegal:Thiès,,,2023,,,4,2023,0.0172683607510998,0.068318442173736,0.0041985707491492,2
Age 15-24:Parity 1+,Africa:Senegal:Thiès,,,2024,,,4,2024,0.017287354599895,0.0763140349772076,0.0037400646418682,2
Age 15-24:Parity 1+,Africa:Senegal:Thiès,,,2025,,,4,2025,0.017296805697054,0.0844815614871927,0.003354955679379,2
Age 15-24:Parity 1+,Africa:Senegal:Ziguinchor,,,1990,,,5,1990,0.0511246483914245,0.2026188998023333,0.0111197490045203,2
Age 15-24:Parity 1+,Africa:Senegal:Ziguinchor,,,1991,,,5,1991,0.0513110944815688,0.1831140223514641,0.0123395880104931,2
Age 15-24:Parity 1+,Africa:Senegal:Ziguinchor,,,1992,,,5,1992,0.0515848712978525,0.1635371609305165,0.0137445520899349,2
Age 15-24:Parity 1+,Africa:Senegal:Ziguinchor,0.0256410256410256,0.0258833847680783,1993,Senegal,DHS_1993,5,1993,0.0520510821766953,0.1433005201600842,0.0153435997102556,2
Age 15-24:Parity 1+,Africa:Senegal:Ziguinchor,,,1994,,,5,1994,0.0477523316013348,0.1423171739060471,0.0139702672327637,2
Age 15-24:Parity 1+,Africa:Senegal:Ziguinchor,,,1995,,,5,1995,0.0440111315429883,0.1381515744984871,0.0127436305179376,2
Age 15-24:Parity 1+,Africa:Senegal:Ziguinchor,,,1996,,,5,1996,0.0406596712101185,0.1319454771247871,0.0116889137734009,2
Age 15-24:Parity 1+,Africa:Senegal:Ziguinchor,,,1997,,,5,1997,0.0376221860228384,0.1241277871632574,0.0108013415411716,2
Age 15-24:Parity 1+,Africa:Senegal:Ziguinchor,,,1998,,,5,1998,0.0348504348951468,0.1150828735264592,0.010078625256579,2
Age 15-24:Parity 1+,Africa:Senegal:Ziguinchor,,,1999,,,5,1999,0.0323079780042431,0.1051440223151605,0.0095068104192513,2
Age 15-24:Parity 1+,Africa:Senegal:Ziguinchor,,,2000,,,5,2000,0.0299675098143104,0.0946469273773279,0.0090746271582127,2
Age 15-24:Parity 1+,Africa:Senegal:Ziguinchor,,,2001,,,5,2001,0.0278046401333661,0.0837717072157693,0.008797738155736,2
Age 15-24:Parity 1+,Africa:Senegal:Ziguinchor,,,2002,,,5,2002,0.0257986442600476,0.0728555909749488,0.0086802755706918,2
Age 15-24:Parity 1+,Africa:Senegal:Ziguinchor,,,2003,,,5,2003,0.0239272036884445,0.0619874243507976,0.0087639532941745,2
Age 15-24:Parity 1+,Africa:Senegal:Ziguinchor,,,2004,,,5,2004,0.0221665839904461,0.0515497963043325,0.0091329376816196,2
Age 15-24:Parity 1+,Africa:Senegal:Ziguinchor,0.0259305503052777,0.0127442524179642,2005,Senegal,DHS_2005,5,2005,0.0204523634044473,0.041591021353776,0.0100249096809112,2
Age 15-24:Parity 1+,Africa:Senegal:Ziguinchor,,,2006,,,5,2006,0.0198661144697348,0.0448456567120556,0.0084038880872818,2
Age 15-24:Parity 1+,Africa:Senegal:Ziguinchor,,,2007,,,5,2007,0.019242312121929,0.0459863842630723,0.0075335263347521,2
Age 15-24:Parity 1+,Africa:Senegal:Ziguinchor,,,2008,,,5,2008,0.0186120733946804,0.0453853946524815,0.0071043225328993,2
Age 15-24:Parity 1+,Africa:Senegal:Ziguinchor,,,2009,,,5,2009,0.0179694706250902,0.0432345991412664,0.007039436989091,2
Age 15-24:Parity 1+,Africa:Senegal:Ziguinchor,0.0093780662560006,0.0091740886043134,2010,Senegal,DHS_2010,5,2010,0.0172680972111156,0.0398556709588269,0.0073951437419748,2
Age 15-24:Parity 1+,Africa:Senegal:Ziguinchor,,,2011,,,5,2011,0.0197907224404697,0.0474538461097264,0.0081742222358853,2
Age 15-24:Parity 1+,Africa:Senegal:Ziguinchor,0.0402667828190845,0.0393397330114836,2012,Senegal,DHS_2012,5,2012,0.0226210756712635,0.053389085105183,0.0096983336106318,2
Age 15-24:Parity 1+,Africa:Senegal:Ziguinchor,,,2013,,,5,2013,0.0234590279133652,0.060914979382831,0.0092067193793199,2
Age 15-24:Parity 1+,Africa:Senegal:Ziguinchor,0.0,0.0,2014,Senegal,DHS_2014,5,2014,0.0243949080762857,0.0642677364093452,0.009363843205137,2
Age 15-24:Parity 1+,Africa:Senegal:Ziguinchor,0.0,0.0,2015,Senegal,DHS_2015,5,2015,0.0241648852843562,0.0655650649983577,0.0089332346099929,2
Age 15-24:Parity 1+,Africa:Senegal:Ziguinchor,0.0,0.0,2016,Senegal,DHS_2016,5,2016,0.0253194250152785,0.0719516078573048,0.0088604383455444,2
Age 15-24:Parity 1+,Africa:Senegal:Ziguinchor,0.0,0.0,2017,Senegal,DHS_2017,5,2017,0.0199564905762173,0.0592243036098942,0.0066853409514116,2
Age 15-24:Parity 1+,Africa:Senegal:Ziguinchor,0.0,0.0,2018,Senegal,DHS_2018,5,2018,0.0226894588177245,0.0695102465005286,0.0072906172702223,2
Age 15-24:Parity 1+,Africa:Senegal:Ziguinchor,0.0,0.0,2019,Senegal,DHS_2019,5,2019,0.0215149715292156,0.0697558429764989,0.0065168674420683,2
Age 15-24:Parity 1+,Africa:Senegal:Ziguinchor,,,2020,,,5,2020,0.0215170691637046,0.078020931551463,0.0057359830537167,2
Age 15-24:Parity 1+,Africa:Senegal:Ziguinchor,,,2021,,,5,2021,0.0215130606887121,0.0865541770713168,0.0050979835593239,2
Age 15-24:Parity 1+,Africa:Senegal:Ziguinchor,,,2022,,,5,2022,0.0215095888876666,0.0953905144057685,0.0045586700756159,2
Age 15-24:Parity 1+,Africa:Senegal:Ziguinchor,,,2023,,,5,2023,0.0215078282853492,0.1045564247616036,0.0041035699058838,2
Age 15-24:Parity 1+,Africa:Senegal:Ziguinchor,,,2024,,,5,2024,0.0215084335356115,0.1141936396525701,0.0037095477270542,2
Age 15-24:Parity 1+,Africa:Senegal:Ziguinchor,,,2025,,,5,2025,0.0215116445129795,0.1241913107780256,0.0033728434465239,2
Age 15-24:Parity 1+,Africa:Senegal:Kédougou,,,1990,,,6,1990,0.3090018673900338,0.5720177700209812,0.1329226237137314,2
Age 15-24:Parity 1+,Africa:Senegal:Kédougou,,,1991,,,6,1991,0.3099504177872162,0.528991971629599,0.1556291733369888,2
Age 15-24:Parity 1+,Africa:Senegal:Kédougou,,,1992,,,6,1992,0.3118929299787088,0.4751891672487633,0.188711185085343,2
Age 15-24:Parity 1+,Africa:Senegal:Kédougou,0.3529411764705882,0.0387613862644497,1993,Senegal,DHS_1993,6,1993,0.3155718783796773,0.3919266527179528,0.2480924437901259,2
Age 15-24:Parity 1+,Africa:Senegal:Kédougou,,,1994,,,6,1994,0.2669565638498634,0.4096674735121079,0.1584512096752306,2
Age 15-24:Parity 1+,Africa:Senegal:Kédougou,,,1995,,,6,1995,0.2250845216717458,0.3951605746136549,0.1081553664073803,2
Age 15-24:Parity 1+,Africa:Senegal:Kédougou,,,1996,,,6,1996,0.1887554947244776,0.369018168542841,0.0765312875518628,2
Age 15-24:Parity 1+,Africa:Senegal:Kédougou,,,1997,,,6,1997,0.1575805267459308,0.3373146353064808,0.0556788714812081,2
Age 15-24:Parity 1+,Africa:Senegal:Kédougou,,,1998,,,6,1998,0.131126061303014,0.3026398584904531,0.0415262046192773,2
Age 15-24:Parity 1+,Africa:Senegal:Kédougou,,,1999,,,6,1999,0.1088425133462847,0.2673432544932716,0.0317218946452423,2
Age 15-24:Parity 1+,Africa:Senegal:Kédougou,,,2000,,,6,2000,0.0902125330551246,0.232329825943635,0.024796180581805,2
Age 15-24:Parity 1+,Africa:Senegal:Kédougou,,,2001,,,6,2001,0.0746994409698024,0.1989389260921298,0.0198284710089458,2
Age 15-24:Parity 1+,Africa:Senegal:Kédougou,,,2002,,,6,2002,0.0618205475972636,0.167662280562602,0.0162515506196635,2
Age 15-24:Parity 1+,Africa:Senegal:Kédougou,,,2003,,,6,2003,0.0511658974283269,0.1400409420725258,0.0136802819719832,2
Age 15-24:Parity 1+,Africa:Senegal:Kédougou,,,2004,,,6,2004,0.0423648439673968,0.1163452245605105,0.0118745244650608,2
Age 15-24:Parity 1+,Africa:Senegal:Kédougou,0.0122676351138411,0.0133091449798135,2005,Senegal,DHS_2005,6,2005,0.0350105139163968,0.0961043013762292,0.0107208714942401,2
Age 15-24:Parity 1+,Africa:Senegal:Kédougou,,,2006,,,6,2006,0.0322445423332148,0.0931325242417792,0.0089376594206791,2
Age 15-24:Parity 1+,Africa:Senegal:Kédougou,,,2007,,,6,2007,0.0296966707459221,0.0886534296872696,0.0078472215837448,2
Age 15-24:Parity 1+,Africa:Senegal:Kédougou,,,2008,,,6,2008,0.0273983456055985,0.0829729112460471,0.0072078884835916,2
Age 15-24:Parity 1+,Africa:Senegal:Kédougou,,,2009,,,6,2009,0.0253195608358204,0.0762588486362228,0.0069340062723193,2
Age 15-24:Parity 1+,Africa:Senegal:Kédougou,0.0,0.0,2010,Senegal,DHS_2010,6,2010,0.0233871124030573,0.0690930898785197,0.0070518147184323,2
Age 15-24:Parity 1+,Africa:Senegal:Kédougou,,,2011,,,6,2011,0.0254326425464848,0.072015004258788,0.0079596234574186,2
Age 15-24:Parity 1+,Africa:Senegal:Kédougou,0.0103010314906095,0.0106353440603978,2012,Senegal,DHS_2012,6,2012,0.0275927004242129,0.0731708968311945,0.0097388142055626,2
Age 15-24:Parity 1+,Africa:Senegal:Kédougou,,,2013,,,6,2013,0.0284667235416111,0.0759222157512491,0.0101038299488754,2
Age 15-24:Parity 1+,Africa:Senegal:Kédougou,0.0442936451419014,0.024483302339058,2014,Senegal,DHS_2014,6,2014,0.0294307396257194,0.074306328796482,0.0114993946489876,2
Age 15-24:Parity 1+,Africa:Senegal:Kédougou,0.0,0.0,2015,Senegal,DHS_2015,6,2015,0.0280550392540719,0.0776536860369316,0.009387886531309,2
Age 15-24:Parity 1+,Africa:Senegal:Kédougou,0.0,0.0,2016,Senegal,DHS_2016,6,2016,0.028365110478776,0.0842664908126222,0.0083378872106362,2
Age 15-24:Parity 1+,Africa:Senegal:Kédougou,0.0,0.0,2017,Senegal,DHS_2017,6,2017,0.0216675376444358,0.0704224833654186,0.0056199665305129,2
Age 15-24:Parity 1+,Africa:Senegal:Kédougou,0.0,0.0,2018,Senegal,DHS_2018,6,2018,0.0239537553759686,0.0797202323924255,0.0057043536561049,2
Age 15-24:Parity 1+,Africa:Senegal:Kédougou,0.0,0.0,2019,Senegal,DHS_2019,6,2019,0.0221524076304567,0.0786918883201546,0.0047674372438472,2
Age 15-24:Parity 1+,Africa:Senegal:Kédougou,,,2020,,,6,2020,0.0216815432728745,0.0851531571308348,0.0040138168476021,2
Age 15-24:Parity 1+,Africa:Senegal:Kédougou,,,2021,,,6,2021,0.0212894900602689,0.091880976480912,0.0034465705424096,2
Age 15-24:Parity 1+,Africa:Senegal:Kédougou,,,2022,,,6,2022,0.0209875856376913,0.0990988430983582,0.003007123598227,2
Age 15-24:Parity 1+,Africa:Senegal:Kédougou,,,2023,,,6,2023,0.0207720703115905,0.1066667068183637,0.0026625269545052,2
Age 15-24:Parity 1+,Africa:Senegal:Kédougou,,,2024,,,6,2024,0.0206422065352836,0.1147717012874611,0.0023881976493928,2
Age 15-24:Parity 1+,Africa:Senegal:Kédougou,,,2025,,,6,2025,0.0205930747627502,0.1232644459067217,0.0021692186474222,2
Age 15-24:Parity 1+,Africa:Senegal:Kolda,,,1990,,,7,1990,0.0549907218640504,0.1875391625978859,0.0155125866731728,2
Age 15-24:Parity 1+,Africa:Senegal:Kolda,,,1991,,,7,1991,0.0551185798468234,0.1667107156247354,0.0175933563375545,2
Age 15-24:Parity 1+,Africa:Senegal:Kolda,,,1992,,,7,1992,0.0553118795887577,0.1454962715671122,0.0201504737037323,2
Age 15-24:Parity 1+,Africa:Senegal:Kolda,0.0677966101694915,0.0378450410663261,1993,Senegal,DHS_1993,7,1993,0.0556998054911836,0.1231167137058535,0.0233935182526287,2
Age 15-24:Parity 1+,Africa:Senegal:Kolda,,,1994,,,7,1994,0.0494692752336697,0.1235486575005019,0.0190952429260326,2
Age 15-24:Parity 1+,Africa:Senegal:Kolda,,,1995,,,7,1995,0.0441185879398523,0.1197350239266402,0.015785425984621,2
Age 15-24:Parity 1+,Africa:Senegal:Kolda,,,1996,,,7,1996,0.0394031301379006,0.1133529559072654,0.0132298942162054,2
Age 15-24:Parity 1+,Africa:Senegal:Kolda,,,1997,,,7,1997,0.0352120558606784,0.1050904831175973,0.0112435941064186,2
Age 15-24:Parity 1+,Africa:Senegal:Kolda,,,1998,,,7,1998,0.0314727217511228,0.0957997373212859,0.0097007817003518,2
Age 15-24:Parity 1+,Africa:Senegal:Kolda,,,1999,,,7,1999,0.0281265148891068,0.0858350309366608,0.008476037601743,2
Age 15-24:Parity 1+,Africa:Senegal:Kolda,,,2000,,,7,2000,0.0251288048378735,0.0757144016971342,0.0075229331680068,2
Age 15-24:Parity 1+,Africa:Senegal:Kolda,,,2001,,,7,2001,0.0224368666861794,0.065561934282313,0.0067834918985312,2
Age 15-24:Parity 1+,Africa:Senegal:Kolda,,,2002,,,7,2002,0.0200166332261557,0.0558637793934694,0.0062305108130922,2
Age 15-24:Parity 1+,Africa:Senegal:Kolda,,,2003,,,7,2003,0.0178338139685414,0.0467278343699707,0.0058348861214964,2
Age 15-24:Parity 1+,Africa:Senegal:Kolda,,,2004,,,7,2004,0.015857660415423,0.0384582188669136,0.0056063930929471,2
Age 15-24:Parity 1+,Africa:Senegal:Kolda,0.0026344850319437,0.0027369184203961,2005,Senegal,DHS_2005,7,2005,0.014037440663619,0.0311061003116718,0.0055929410780345,2
Age 15-24:Parity 1+,Africa:Senegal:Kolda,,,2006,,,7,2006,0.0140379142654093,0.0324697968027467,0.0051901997500723,2
Age 15-24:Parity 1+,Africa:Senegal:Kolda,,,2007,,,7,2007,0.0139967382719651,0.0326656233466694,0.005061815408597,2
Age 15-24:Parity 1+,Africa:Senegal:Kolda,,,2008,,,7,2008,0.0139291474607538,0.0317242055606039,0.0051734255075293,2
Age 15-24:Parity 1+,Africa:Senegal:Kolda,,,2009,,,7,2009,0.0138267913549509,0.0296606314951942,0.0055750708468785,2
Age 15-24:Parity 1+,Africa:Senegal:Kolda,0.0071409758591089,0.0050959915344236,2010,Senegal,DHS_2010,7,2010,0.0136283930497467,0.0265826410243152,0.0065037991053149,2
Age 15-24:Parity 1+,Africa:Senegal:Kolda,,,2011,,,7,2011,0.0163443339926497,0.0312934769896902,0.007958674997052,2
Age 15-24:Parity 1+,Africa:Senegal:Kolda,0.0237934437704357,0.0113729445647327,2012,Senegal,DHS_2012,7,2012,0.0194530458033945,0.0338286052090232,0.0110426787657289,2
Age 15-24:Parity 1+,Africa:Senegal:Kolda,,,2013,,,7,2013,0.0208510180990759,0.0397541400018906,0.0109264322110223,2
Age 15-24:Parity 1+,Africa:Senegal:Kolda,0.0062279089888755,0.0061648126722162,2014,Senegal,DHS_2014,7,2014,0.0223841016739816,0.0405111069681082,0.0124125281447086,2
Age 15-24:Parity 1+,Africa:Senegal:Kolda,0.0153890673417284,0.0108064313937398,2015,Senegal,DHS_2015,7,2015,0.0238079276617266,0.0413407414209485,0.0137949408056397,2
Age 15-24:Parity 1+,Africa:Senegal:Kolda,0.0766170884626309,0.0321409282492226,2016,Senegal,DHS_2016,7,2016,0.0274320050952845,0.0474811482210011,0.0163379840661394,2
Age 15-24:Parity 1+,Africa:Senegal:Kolda,0.0043349844998495,0.0042330768008612,2017,Senegal,DHS_2017,7,2017,0.0206690660296157,0.0367853393253909,0.0111899426550399,2
Age 15-24:Parity 1+,Africa:Senegal:Kolda,0.0151998732301019,0.0105131855786843,2018,Senegal,DHS_2018,7,2018,0.0232871612499326,0.0417808765013113,0.0129648183292135,2
Age 15-24:Parity 1+,Africa:Senegal:Kolda,0.0281147705486494,0.015211036394889,2019,Senegal,DHS_2019,7,2019,0.0225984158914406,0.0424760274022663,0.0119534408907917,2
Age 15-24:Parity 1+,Africa:Senegal:Kolda,,,2020,,,7,2020,0.0226639990072584,0.0524118697694061,0.0095205015856046,2
Age 15-24:Parity 1+,Africa:Senegal:Kolda,,,2021,,,7,2021,0.0226923388454675,0.0619820106110313,0.0079614246205035,2
Age 15-24:Parity 1+,Africa:Senegal:Kolda,,,2022,,,7,2022,0.0227104977929817,0.0715566833870652,0.0068370240904309,2
Age 15-24:Parity 1+,Africa:Senegal:Kolda,,,2023,,,7,2023,0.0227224106312922,0.0811497460068082,0.005965965230622,2
Age 15-24:Parity 1+,Africa:Senegal:Kolda,,,2024,,,7,2024,0.0227303992737358,0.0910795764131352,0.0052714672089531,2
Age 15-24:Parity 1+,Africa:Senegal:Kolda,,,2025,,,7,2025,0.0227350384367104,0.1011126086469195,0.0047005855385439,2
Age 15-24:Parity 1+,Africa:Senegal:Louga,,,1990,,,8,1990,0.0462277611477281,0.2276951198731459,0.0087766780941824,2
Age 15-24:Parity 1+,Africa:Senegal:Louga,,,1991,,,8,1991,0.0463853552102554,0.2080210104463541,0.009519809643653,2
Age 15-24:Parity 1+,Africa:Senegal:Louga,,,1992,,,8,1992,0.0465316270261601,0.188149259585565,0.0103142517932756,2
Age 15-24:Parity 1+,Africa:Senegal:Louga,0.0,0.0,1993,Senegal,DHS_1993,8,1993,0.046746943359056,0.1678921962734642,0.0111246771554006,2
Age 15-24:Parity 1+,Africa:Senegal:Louga,,,1994,,,8,1994,0.0419413994127236,0.157694623804758,0.0101718607125057,2
Age 15-24:Parity 1+,Africa:Senegal:Louga,,,1995,,,8,1995,0.0376996812847078,0.1458081513364848,0.0092429891756976,2
Age 15-24:Parity 1+,Africa:Senegal:Louga,,,1996,,,8,1996,0.0338885700864078,0.1329557680238838,0.0083824754540721,2
Age 15-24:Parity 1+,Africa:Senegal:Louga,,,1997,,,8,1997,0.0304483303789284,0.1196174146822614,0.0076096251622528,2
Age 15-24:Parity 1+,Africa:Senegal:Louga,,,1998,,,8,1998,0.0273357426548338,0.1064528529271795,0.0069279610605452,2
Age 15-24:Parity 1+,Africa:Senegal:Louga,,,1999,,,8,1999,0.0245169245664626,0.0934930392380297,0.0063273424230329,2
Age 15-24:Parity 1+,Africa:Senegal:Louga,,,2000,,,8,2000,0.0219614304185086,0.081130246430519,0.005808116575569,2
Age 15-24:Parity 1+,Africa:Senegal:Louga,,,2001,,,8,2001,0.0196443055653139,0.0694306674055624,0.0053744171804633,2
Age 15-24:Parity 1+,Africa:Senegal:Louga,,,2002,,,8,2002,0.0175412807455135,0.0586255125121088,0.0050198792234737,2
Age 15-24:Parity 1+,Africa:Senegal:Louga,,,2003,,,8,2003,0.0156305042295225,0.0488089662536215,0.0047525849914794,2
Age 15-24:Parity 1+,Africa:Senegal:Louga,,,2004,,,8,2004,0.0138884956009361,0.0399881477762593,0.0045760105816752,2
Age 15-24:Parity 1+,Africa:Senegal:Louga,0.0,0.0,2005,Senegal,DHS_2005,8,2005,0.0122824167688382,0.0322294715451221,0.004522401179609,2
Age 15-24:Parity 1+,Africa:Senegal:Louga,,,2006,,,8,2006,0.0116911682708956,0.0313328976099794,0.0040884582399109,2
Age 15-24:Parity 1+,Africa:Senegal:Louga,,,2007,,,8,2007,0.0110935925588444,0.0295724832764748,0.0038240035126547,2
Age 15-24:Parity 1+,Africa:Senegal:Louga,,,2008,,,8,2008,0.0104987590460604,0.0270478365450039,0.003706526853738,2
Age 15-24:Parity 1+,Africa:Senegal:Louga,,,2009,,,8,2009,0.0099038869735438,0.0239406744673804,0.0037423607152357,2
Age 15-24:Parity 1+,Africa:Senegal:Louga,0.0045337378375687,0.004510582383443,2010,Senegal,DHS_2010,8,2010,0.0092849692114266,0.02045940593795,0.003995036497382,2
Age 15-24:Parity 1+,Africa:Senegal:Louga,,,2011,,,8,2011,0.0103917001637921,0.022933252942755,0.0044690813856495,2
Age 15-24:Parity 1+,Africa:Senegal:Louga,0.0069694267028045,0.0070062070643903,2012,Senegal,DHS_2012,8,2012,0.0115869348204402,0.024019171158668,0.0053980161253419,2
Age 15-24:Parity 1+,Africa:Senegal:Louga,,,2013,,,8,2013,0.012035531384437,0.0265848528646569,0.005394180712099,2
Age 15-24:Parity 1+,Africa:Senegal:Louga,0.0123347604962657,0.0120163754723532,2014,Senegal,DHS_2014,8,2014,0.0125450623314664,0.0263243915821246,0.005867137613796,2
Age 15-24:Parity 1+,Africa:Senegal:Louga,0.0096265789966433,0.0095336054443551,2015,Senegal,DHS_2015,8,2015,0.0124320561947902,0.0257568715299098,0.0058199856219523,2
Age 15-24:Parity 1+,Africa:Senegal:Louga,0.0,0.0,2016,Senegal,DHS_2016,8,2016,0.0130825286724254,0.0284958437201126,0.0058667479408982,2
Age 15-24:Parity 1+,Africa:Senegal:Louga,0.0064625749681589,0.0062542376762819,2017,Senegal,DHS_2017,8,2017,0.0103477302356877,0.02221230361488,0.0045954260650742,2
Age 15-24:Parity 1+,Africa:Senegal:Louga,0.0,0.0,2018,Senegal,DHS_2018,8,2018,0.0119473262083522,0.0270497007662919,0.0050998052359108,2
Age 15-24:Parity 1+,Africa:Senegal:Louga,0.0122085848884924,0.011943622107154,2019,Senegal,DHS_2019,8,2019,0.0114840526569698,0.0270809669375737,0.0047166888020064,2
Age 15-24:Parity 1+,Africa:Senegal:Louga,,,2020,,,8,2020,0.0115838153277515,0.0323950770661395,0.0040246201689825,2
Age 15-24:Parity 1+,Africa:Senegal:Louga,,,2021,,,8,2021,0.0116679518332931,0.0377632799410758,0.0035011572736278,2
Age 15-24:Parity 1+,Africa:Senegal:Louga,,,2022,,,8,2022,0.0117358618137287,0.0432930264768038,0.0030890094191907,2
Age 15-24:Parity 1+,Africa:Senegal:Louga,,,2023,,,8,2023,0.0117869189208704,0.0489163987344674,0.002747552211355,2
Age 15-24:Parity 1+,Africa:Senegal:Louga,,,2024,,,8,2024,0.0118207656913651,0.0548054714538963,0.0024580330708445,2
Age 15-24:Parity 1+,Africa:Senegal:Louga,,,2025,,,8,2025,0.0118372326327837,0.0607453360980234,0.0022138563582618,2
Age 15-24:Parity 1+,Africa:Senegal:Matam,,,1990,,,9,1990,0.0315192713860298,0.1200892005355339,0.0078309595159551,2
Age 15-24:Parity 1+,Africa:Senegal:Matam,,,1991,,,9,1991,0.0315708285011296,0.1064924250600243,0.008804564376936,2
Age 15-24:Parity 1+,Africa:Senegal:Matam,,,1992,,,9,1992,0.0316356508853382,0.0929067822105223,0.0099685635284765,2
Age 15-24:Parity 1+,Africa:Senegal:Matam,0.0178571428571428,0.0120572585642015,1993,Senegal,DHS_1993,9,1993,0.031786870814834,0.0790099768143059,0.0113683172630106,2
Age 15-24:Parity 1+,Africa:Senegal:Matam,,,1994,,,9,1994,0.0294912365876413,0.0816435780239695,0.0099793712867707,2
Age 15-24:Parity 1+,Africa:Senegal:Matam,,,1995,,,9,1995,0.0274695974152054,0.0818113761588061,0.0088179193392093,2
Age 15-24:Parity 1+,Africa:Senegal:Matam,,,1996,,,9,1996,0.0256166716981656,0.0802779556151169,0.0078674824562207,2
Age 15-24:Parity 1+,Africa:Senegal:Matam,,,1997,,,9,1997,0.0238944220577084,0.0773380505636866,0.0070777069905123,2
Age 15-24:Parity 1+,Africa:Senegal:Matam,,,1998,,,9,1998,0.0222833552196371,0.0733503349411625,0.0064341356096456,2
Age 15-24:Parity 1+,Africa:Senegal:Matam,,,1999,,,9,1999,0.0207684315724768,0.0686148130086919,0.0059109315193954,2
Age 15-24:Parity 1+,Africa:Senegal:Matam,,,2000,,,9,2000,0.0193398757065107,0.0632607102651942,0.0054891472680542,2
Age 15-24:Parity 1+,Africa:Senegal:Matam,,,2001,,,9,2001,0.0179878025883432,0.0576327096710881,0.0051553428896136,2
Age 15-24:Parity 1+,Africa:Senegal:Matam,,,2002,,,9,2002,0.0167046550287902,0.0518442294082843,0.0049043305419383,2
Age 15-24:Parity 1+,Africa:Senegal:Matam,,,2003,,,9,2003,0.0154816220231422,0.0461768241471425,0.0047410122332667,2
Age 15-24:Parity 1+,Africa:Senegal:Matam,,,2004,,,9,2004,0.0143069034088433,0.0406571798247777,0.0046727156071001,2
Age 15-24:Parity 1+,Africa:Senegal:Matam,0.0,0.0,2005,Senegal,DHS_2005,9,2005,0.0131548995143178,0.0355929517156201,0.0047252597689158,2
Age 15-24:Parity 1+,Africa:Senegal:Matam,,,2006,,,9,2006,0.0130759615587419,0.0369510076551023,0.0043512476792015,2
Age 15-24:Parity 1+,Africa:Senegal:Matam,,,2007,,,9,2007,0.0129505438934214,0.0374124869283871,0.0041605907465933,2
Age 15-24:Parity 1+,Africa:Senegal:Matam,,,2008,,,9,2008,0.0127917020583775,0.037005004353364,0.0041166306842098,2
Age 15-24:Parity 1+,Africa:Senegal:Matam,,,2009,,,9,2009,0.0125954107479522,0.0357385116515316,0.0042222514507184,2
Age 15-24:Parity 1+,Africa:Senegal:Matam,0.0,0.0,2010,Senegal,DHS_2010,9,2010,0.0123330687547401,0.0338297124317319,0.0045254802669541,2
Age 15-24:Parity 1+,Africa:Senegal:Matam,,,2011,,,9,2011,0.0141519569316925,0.0385585849456697,0.005193512340022,2
Age 15-24:Parity 1+,Africa:Senegal:Matam,0.0,0.0,2012,Senegal,DHS_2012,9,2012,0.0161619212802384,0.0422722088790712,0.0063141493469238,2
Age 15-24:Parity 1+,Africa:Senegal:Matam,,,2013,,,9,2013,0.0170053061270311,0.0464588481896851,0.00639386903883,2
Age 15-24:Parity 1+,Africa:Senegal:Matam,0.0,0.0,2014,Senegal,DHS_2014,9,2014,0.0179088819910475,0.0475351811084338,0.0069060969488728,2
Age 15-24:Parity 1+,Africa:Senegal:Matam,0.0,0.0,2015,Senegal,DHS_2015,9,2015,0.0179506527432373,0.0465157868220107,0.0070442750139137,2
Age 15-24:Parity 1+,Africa:Senegal:Matam,0.0,0.0,2016,Senegal,DHS_2016,9,2016,0.019000089521527,0.0491254333265677,0.0074612536977416,2
Age 15-24:Parity 1+,Africa:Senegal:Matam,0.0,0.0,2017,Senegal,DHS_2017,9,2017,0.0151171747595034,0.0386833474447486,0.0059273995650583,2
Age 15-24:Parity 1+,Africa:Senegal:Matam,0.0,0.0,2018,Senegal,DHS_2018,9,2018,0.017317829870912,0.043566477450686,0.0069352685586264,2
Age 15-24:Parity 1+,Africa:Senegal:Matam,0.0170406849417267,0.0120410343566923,2019,Senegal,DHS_2019,9,2019,0.016543633140561,0.0408818102213485,0.0067140287898289,2
Age 15-24:Parity 1+,Africa:Senegal:Matam,,,2020,,,9,2020,0.0166258832263054,0.0480990888265409,0.0057617520376503,2
Age 15-24:Parity 1+,Africa:Senegal:Matam,,,2021,,,9,2021,0.0166916470609144,0.0554354970077959,0.0050338389726985,2
Age 15-24:Parity 1+,Africa:Senegal:Matam,,,2022,,,9,2022,0.0167435822376954,0.0629237384223123,0.0044453672398939,2
Age 15-24:Parity 1+,Africa:Senegal:Matam,,,2023,,,9,2023,0.0167813355137711,0.07070827631835,0.0039608695979719,2
Age 15-24:Parity 1+,Africa:Senegal:Matam,,,2024,,,9,2024,0.0168048791829165,0.0787360572698322,0.0035529697422247,2
Age 15-24:Parity 1+,Africa:Senegal:Matam,,,2025,,,9,2025,0.0168141105360246,0.0869755660778319,0.003200245665981,2
Age 15-24:Parity 1+,Africa:Senegal:Saint-Louis,,,1990,,,10,1990,0.0453055432377881,0.2233178319639532,0.0082457673410928,2
Age 15-24:Parity 1+,Africa:Senegal:Saint-Louis,,,1991,,,10,1991,0.0454960589591455,0.2043876083287164,0.0089609854893689,2
Age 15-24:Parity 1+,Africa:Senegal:Saint-Louis,,,1992,,,10,1992,0.0457272817284624,0.1854465278278679,0.0097383779367719,2
Age 15-24:Parity 1+,Africa:Senegal:Saint-Louis,0.0,0.0,1993,Senegal,DHS_1993,10,1993,0.0460747200166877,0.1663127509604477,0.0105461577939928,2
Age 15-24:Parity 1+,Africa:Senegal:Saint-Louis,,,1994,,,10,1994,0.0414982500871876,0.1570889325861298,0.0096664094303088,2
Age 15-24:Parity 1+,Africa:Senegal:Saint-Louis,,,1995,,,10,1995,0.0374911560065277,0.1463201577745245,0.0088189871301054,2
Age 15-24:Parity 1+,Africa:Senegal:Saint-Louis,,,1996,,,10,1996,0.0339145858242339,0.1344614917546749,0.0080368899307766,2
Age 15-24:Parity 1+,Africa:Senegal:Saint-Louis,,,1997,,,10,1997,0.0307023960458202,0.1222911852674265,0.0073450452546744,2
Age 15-24:Parity 1+,Africa:Senegal:Saint-Louis,,,1998,,,10,1998,0.0278054513078016,0.1099080694029345,0.0067279170698185,2
Age 15-24:Parity 1+,Africa:Senegal:Saint-Louis,,,1999,,,10,1999,0.0251844266358023,0.097746669889822,0.0061904643705875,2
Age 15-24:Parity 1+,Africa:Senegal:Saint-Louis,,,2000,,,10,2000,0.0228073406984233,0.0860771032999338,0.0057263282680737,2
Age 15-24:Parity 1+,Africa:Senegal:Saint-Louis,,,2001,,,10,2001,0.0206455711034452,0.074892146297599,0.0053444045878285,2
Age 15-24:Parity 1+,Africa:Senegal:Saint-Louis,,,2002,,,10,2002,0.0186740190722562,0.0645315959755763,0.0050354660987033,2
Age 15-24:Parity 1+,Africa:Senegal:Saint-Louis,,,2003,,,10,2003,0.0168701385550405,0.0549795382844962,0.0048081396869984,2
Age 15-24:Parity 1+,Africa:Senegal:Saint-Louis,,,2004,,,10,2004,0.0152101391306645,0.0462965307760667,0.0046656916968578,2
Age 15-24:Parity 1+,Africa:Senegal:Saint-Louis,0.0,0.0,2005,Senegal,DHS_2005,10,2005,0.0136600713005109,0.0387025194844336,0.0046365595998567,2
Age 15-24:Parity 1+,Africa:Senegal:Saint-Louis,,,2006,,,10,2006,0.0132276831969071,0.038513900232059,0.0042558145163085,2
Age 15-24:Parity 1+,Africa:Senegal:Saint-Louis,,,2007,,,10,2007,0.0127821497694605,0.037399420501242,0.0040362672707804,2
Age 15-24:Parity 1+,Africa:Senegal:Saint-Louis,,,2008,,,10,2008,0.012330155697948,0.035418339349252,0.0039516965871997,2
Age 15-24:Parity 1+,Africa:Senegal:Saint-Louis,,,2009,,,10,2009,0.0118670119320737,0.0327459078042021,0.0040106966265573,2
Age 15-24:Parity 1+,Africa:Senegal:Saint-Louis,0.0,0.0,2010,Senegal,DHS_2010,10,2010,0.0113642300315433,0.0295425596577125,0.0042666874440212,2
Age 15-24:Parity 1+,Africa:Senegal:Saint-Louis,,,2011,,,10,2011,0.0127542473896677,0.0321245594128398,0.0048889510974748,2
Age 15-24:Parity 1+,Africa:Senegal:Saint-Louis,0.0183987564069006,0.0172245359978582,2012,Senegal,DHS_2012,10,2012,0.0142627916007469,0.0332473282214001,0.0059790285932196,2
Age 15-24:Parity 1+,Africa:Senegal:Saint-Louis,,,2013,,,10,2013,0.0145655449048732,0.0360239405699906,0.0058019905595662,2
Age 15-24:Parity 1+,Africa:Senegal:Saint-Louis,0.0,0.0,2014,Senegal,DHS_2014,10,2014,0.0149111702389921,0.035852077549952,0.0060499266705602,2
Age 15-24:Parity 1+,Africa:Senegal:Saint-Louis,0.0,0.0,2015,Senegal,DHS_2015,10,2015,0.0145201149303462,0.0341861230100394,0.0059781194805741,2
Age 15-24:Parity 1+,Africa:Senegal:Saint-Louis,0.014526641770882,0.0137731906218156,2016,Senegal,DHS_2016,10,2016,0.0149460612851418,0.0349055291879198,0.0061925108974238,2
Age 15-24:Parity 1+,Africa:Senegal:Saint-Louis,0.004995986619384,0.0050797842472735,2017,Senegal,DHS_2017,10,2017,0.0115516941024015,0.0276264902053528,0.0046232989858957,2
Age 15-24:Parity 1+,Africa:Senegal:Saint-Louis,0.0,0.0,2018,Senegal,DHS_2018,10,2018,0.013213683939838,0.0335485583167921,0.0049609923428863,2
Age 15-24:Parity 1+,Africa:Senegal:Saint-Louis,0.0,0.0,2019,Senegal,DHS_2019,10,2019,0.0125807401421759,0.0342950891062691,0.0043858534813147,2
Age 15-24:Parity 1+,Africa:Senegal:Saint-Louis,,,2020,,,10,2020,0.012619826543494,0.0395829420453375,0.00380020020106,2
Age 15-24:Parity 1+,Africa:Senegal:Saint-Louis,,,2021,,,10,2021,0.0126504173847349,0.0450412745048642,0.0033393675797397,2
Age 15-24:Parity 1+,Africa:Senegal:Saint-Louis,,,2022,,,10,2022,0.0126750671255327,0.050714325352876,0.0029605147288825,2
Age 15-24:Parity 1+,Africa:Senegal:Saint-Louis,,,2023,,,10,2023,0.0126936115988708,0.0565697790094101,0.0026468496188818,2
Age 15-24:Parity 1+,Africa:Senegal:Saint-Louis,,,2024,,,10,2024,0.0127061662335335,0.0626375512000699,0.0023819424029939,2
Age 15-24:Parity 1+,Africa:Senegal:Saint-Louis,,,2025,,,10,2025,0.0127128959878946,0.06891969257196,0.00215016135277,2
Age 15-24:Parity 1+,Africa:Senegal:Diourbel,,,1990,,,11,1990,0.0389984372386582,0.1822590757665635,0.0072940012074289,2
Age 15-24:Parity 1+,Africa:Senegal:Diourbel,,,1991,,,11,1991,0.0391620948538429,0.1651745914918724,0.0079334733598388,2
Age 15-24:Parity 1+,Africa:Senegal:Diourbel,,,1992,,,11,1992,0.0393526528271473,0.1480223019899175,0.0086126230462,2
Age 15-24:Parity 1+,Africa:Senegal:Diourbel,0.0,0.0,1993,Senegal,DHS_1993,11,1993,0.0396496675847063,0.1305723872400475,0.0093038098424051,2
Age 15-24:Parity 1+,Africa:Senegal:Diourbel,,,1994,,,11,1994,0.0355185455867196,0.1234270950542892,0.0085797937841543,2
Age 15-24:Parity 1+,Africa:Senegal:Diourbel,,,1995,,,11,1995,0.0319190171027464,0.1146684578255627,0.0078605839255289,2
Age 15-24:Parity 1+,Africa:Senegal:Diourbel,,,1996,,,11,1996,0.0287181139869434,0.1048231207855169,0.0071892161078097,2
Age 15-24:Parity 1+,Africa:Senegal:Diourbel,,,1997,,,11,1997,0.0258511122711438,0.0947089922997995,0.0065760162623158,2
Age 15-24:Parity 1+,Africa:Senegal:Diourbel,,,1998,,,11,1998,0.0232719685971211,0.0844361995556234,0.0060308044051073,2
Age 15-24:Parity 1+,Africa:Senegal:Diourbel,,,1999,,,11,1999,0.0209455841267226,0.074293067879893,0.0055501010369397,2
Age 15-24:Parity 1+,Africa:Senegal:Diourbel,,,2000,,,11,2000,0.0188429079434816,0.064474304491696,0.0051315686804489,2
Age 15-24:Parity 1+,Africa:Senegal:Diourbel,,,2001,,,11,2001,0.0169391722917872,0.0551157189109591,0.0047890937125686,2
Age 15-24:Parity 1+,Africa:Senegal:Diourbel,,,2002,,,11,2002,0.0152114571866053,0.0464179696058064,0.0045110314188081,2
Age 15-24:Parity 1+,Africa:Senegal:Diourbel,,,2003,,,11,2003,0.013640317431523,0.0384648322551451,0.0043094517538352,2
Age 15-24:Parity 1+,Africa:Senegal:Diourbel,,,2004,,,11,2004,0.0122060604051179,0.0313538905386596,0.0041993331618524,2
Age 15-24:Parity 1+,Africa:Senegal:Diourbel,0.001990848332797,0.0020268656133371,2005,Senegal,DHS_2005,11,2005,0.0108772873297582,0.025113089072576,0.004215038996344,2
Age 15-24:Parity 1+,Africa:Senegal:Diourbel,,,2006,,,11,2006,0.0109286006387851,0.026683595246408,0.0039410591768194,2
Age 15-24:Parity 1+,Africa:Senegal:Diourbel,,,2007,,,11,2007,0.0109554978469624,0.0273340956417511,0.0038322567988499,2
Age 15-24:Parity 1+,Africa:Senegal:Diourbel,,,2008,,,11,2008,0.0109594869407442,0.0270934173776626,0.0038716711730356,2
Age 15-24:Parity 1+,Africa:Senegal:Diourbel,,,2009,,,11,2009,0.0109320299643628,0.0259979801035682,0.0040774817642461,2
Age 15-24:Parity 1+,Africa:Senegal:Diourbel,0.0,0.0,2010,Senegal,DHS_2010,11,2010,0.0108369321361392,0.0241301115265556,0.0045496924957823,2
Age 15-24:Parity 1+,Africa:Senegal:Diourbel,,,2011,,,11,2011,0.0125634240977257,0.0273435573304959,0.0054460096761711,2
Age 15-24:Parity 1+,Africa:Senegal:Diourbel,0.0138709995850997,0.01015874358807,2012,Senegal,DHS_2012,11,2012,0.0144976063880077,0.0289245000394398,0.0070962868866266,2
Age 15-24:Parity 1+,Africa:Senegal:Diourbel,,,2013,,,11,2013,0.0154336875852374,0.0330160803942366,0.0071904334151256,2
Age 15-24:Parity 1+,Africa:Senegal:Diourbel,0.0,0.0,2014,Senegal,DHS_2014,11,2014,0.0164651792395632,0.0336732216713537,0.0080197343864975,2
Age 15-24:Parity 1+,Africa:Senegal:Diourbel,0.0040611931419021,0.0041118061112222,2015,Senegal,DHS_2015,11,2015,0.0167295875865212,0.0323891264560033,0.0085131830697566,2
Age 15-24:Parity 1+,Africa:Senegal:Diourbel,0.0111305872962713,0.0108614070257813,2016,Senegal,DHS_2016,11,2016,0.018638452955836,0.0360240290476119,0.0097503446847287,2
Age 15-24:Parity 1+,Africa:Senegal:Diourbel,0.0118860901364477,0.0079374724192348,2017,Senegal,DHS_2017,11,2017,0.0159311681129067,0.0298443168701266,0.0084092133847216,2
Age 15-24:Parity 1+,Africa:Senegal:Diourbel,0.0418339495589994,0.0195941011428966,2018,Senegal,DHS_2018,11,2018,0.0199065695477824,0.0382302393472043,0.0107066238525354,2
Age 15-24:Parity 1+,Africa:Senegal:Diourbel,0.0,0.0,2019,Senegal,DHS_2019,11,2019,0.0189878353887865,0.0424025704041567,0.0089608340589037,2
Age 15-24:Parity 1+,Africa:Senegal:Diourbel,,,2020,,,11,2020,0.0191232647591685,0.0512950598834414,0.007425959070177,2
Age 15-24:Parity 1+,Africa:Senegal:Diourbel,,,2021,,,11,2021,0.0192216571989716,0.0601333270539517,0.0063491065797438,2
Age 15-24:Parity 1+,Africa:Senegal:Diourbel,,,2022,,,11,2022,0.0192978153164771,0.068996816955942,0.0055325923467425,2
Age 15-24:Parity 1+,Africa:Senegal:Diourbel,,,2023,,,11,2023,0.0193540392936694,0.077995607654618,0.0048881946406331,2
Age 15-24:Parity 1+,Africa:Senegal:Diourbel,,,2024,,,11,2024,0.0193909483196047,0.0872299689061226,0.0043476351931374,2
Age 15-24:Parity 1+,Africa:Senegal:Diourbel,,,2025,,,11,2025,0.0194087501757104,0.0964831218762541,0.0038965417951802,2
Age 15-24:Parity 1+,Africa:Senegal:Fatick,,,1990,,,12,1990,0.0542183358518879,0.2344639952985269,0.0106580759744118,2
Age 15-24:Parity 1+,Africa:Senegal:Fatick,,,1991,,,12,1991,0.054527913610407,0.2141324420346436,0.0117008862229655,2
Age 15-24:Parity 1+,Africa:Senegal:Fatick,,,1992,,,12,1992,0.0550042066738502,0.1937443608140279,0.0128566052948595,2
Age 15-24:Parity 1+,Africa:Senegal:Fatick,0.0,0.0,1993,Senegal,DHS_1993,12,1993,0.055761170509974,0.1731629973022014,0.0141098340880714,2
Age 15-24:Parity 1+,Africa:Senegal:Fatick,,,1994,,,12,1994,0.0504941071212032,0.1659105644229637,0.0132275921250131,2
Age 15-24:Parity 1+,Africa:Senegal:Fatick,,,1995,,,12,1995,0.0459887235606291,0.1565212993484451,0.0123469338134466,2
Age 15-24:Parity 1+,Africa:Senegal:Fatick,,,1996,,,12,1996,0.0420438275623283,0.145783106833591,0.0115416304631152,2
Age 15-24:Parity 1+,Africa:Senegal:Fatick,,,1997,,,12,1997,0.038557905729466,0.134197308582586,0.0108240928427367,2
Age 15-24:Parity 1+,Africa:Senegal:Fatick,,,1998,,,12,1998,0.0354555983291325,0.1220350205986043,0.010214641994744,2
Age 15-24:Parity 1+,Africa:Senegal:Fatick,,,1999,,,12,1999,0.0326821304102461,0.1097791545190059,0.0097094845804452,2
Age 15-24:Parity 1+,Africa:Senegal:Fatick,,,2000,,,12,2000,0.0301889416409685,0.0974534327410719,0.0093295554307129,2
Age 15-24:Parity 1+,Africa:Senegal:Fatick,,,2001,,,12,2001,0.0279383795238301,0.085338505766662,0.0090688310127509,2
Age 15-24:Parity 1+,Africa:Senegal:Fatick,,,2002,,,12,2002,0.0258950420642182,0.0735043288272171,0.0089778284984326,2
Age 15-24:Parity 1+,Africa:Senegal:Fatick,,,2003,,,12,2003,0.024025822865148,0.0622234958283078,0.0090781695319484,2
Age 15-24:Parity 1+,Africa:Senegal:Fatick,,,2004,,,12,2004,0.0222952480553207,0.0514470563030478,0.0094830445268761,2
Age 15-24:Parity 1+,Africa:Senegal:Fatick,0.0318853677663107,0.0148421451421723,2005,Senegal,DHS_2005,12,2005,0.0206234901048102,0.041431917151856,0.0104603831553028,2
Age 15-24:Parity 1+,Africa:Senegal:Fatick,,,2006,,,12,2006,0.01960530366536,0.043855367170517,0.0085297290383467,2
Age 15-24:Parity 1+,Africa:Senegal:Fatick,,,2007,,,12,2007,0.018612995630256,0.0441512662089161,0.0074529074558569,2
Age 15-24:Parity 1+,Africa:Senegal:Fatick,,,2008,,,12,2008,0.0176671564096384,0.0427842140635812,0.0068688970612093,2
Age 15-24:Parity 1+,Africa:Senegal:Fatick,,,2009,,,12,2009,0.0167536094347564,0.040051177575046,0.0066658922957817,2
Age 15-24:Parity 1+,Africa:Senegal:Fatick,0.0,0.0,2010,Senegal,DHS_2010,12,2010,0.0158180468383741,0.0363968833478967,0.0068928292424477,2
Age 15-24:Parity 1+,Africa:Senegal:Fatick,,,2011,,,12,2011,0.0175421348454102,0.0400308661630109,0.0076290092796244,2
Age 15-24:Parity 1+,Africa:Senegal:Fatick,0.0,0.0,2012,Senegal,DHS_2012,12,2012,0.0193818073224468,0.0415892996122737,0.0092259286184292,2
Age 15-24:Parity 1+,Africa:Senegal:Fatick,,,2013,,,12,2013,0.0198213832468518,0.0433026635650756,0.0092840319027925,2
Age 15-24:Parity 1+,Africa:Senegal:Fatick,0.0200243292642898,0.0198755051755275,2014,Senegal,DHS_2014,12,2014,0.020335240465667,0.0406819970431261,0.0103384243701474,2
Age 15-24:Parity 1+,Africa:Senegal:Fatick,0.0234362218356255,0.0159612375457211,2015,Senegal,DHS_2015,12,2015,0.0199304806608889,0.037782099149556,0.0105585724357986,2
Age 15-24:Parity 1+,Africa:Senegal:Fatick,0.0410586021153122,0.0310290231865336,2016,Senegal,DHS_2016,12,2016,0.0204414761316972,0.0394361000923729,0.0106861543212815,2
Age 15-24:Parity 1+,Africa:Senegal:Fatick,0.0043302016887503,0.0043658626575934,2017,Senegal,DHS_2017,12,2017,0.0153345377469096,0.0300688183447687,0.0074750313193644,2
Age 15-24:Parity 1+,Africa:Senegal:Fatick,0.0152588613224535,0.0131602586318654,2018,Senegal,DHS_2018,12,2018,0.0171233909153131,0.0343721571355922,0.0082640901447318,2
Age 15-24:Parity 1+,Africa:Senegal:Fatick,0.0143550469826767,0.0134558862436773,2019,Senegal,DHS_2019,12,2019,0.0160720838920535,0.0344606340601497,0.0071333926374562,2
Age 15-24:Parity 1+,Africa:Senegal:Fatick,,,2020,,,12,2020,0.0159742671157502,0.0406949410286866,0.0058014491349109,2
Age 15-24:Parity 1+,Africa:Senegal:Fatick,,,2021,,,12,2021,0.0158818577322235,0.0469076992894485,0.004885913488945,2
Age 15-24:Parity 1+,Africa:Senegal:Fatick,,,2022,,,12,2022,0.0158064147475824,0.053181711298985,0.004204923324383,2
Age 15-24:Parity 1+,Africa:Senegal:Fatick,,,2023,,,12,2023,0.0157502349553451,0.0596590549806331,0.0036770628730247,2
Age 15-24:Parity 1+,Africa:Senegal:Fatick,,,2024,,,12,2024,0.0157145831238176,0.0664654080254197,0.0032521136542311,2
Age 15-24:Parity 1+,Africa:Senegal:Fatick,,,2025,,,12,2025,0.0156998207439293,0.0734231563054387,0.0029032447068418,2
Age 15-24:Parity 1+,Africa:Senegal:Kaffrine,,,1990,,,13,1990,0.0403002497267451,0.1478301214693939,0.0107312379444216,2
Age 15-24:Parity 1+,Africa:Senegal:Kaffrine,,,1991,,,13,1991,0.040378750238931,0.1310418667803811,0.012084470015321,2
Age 15-24:Parity 1+,Africa:Senegal:Kaffrine,,,1992,,,13,1992,0.0404725705755092,0.1140454959233466,0.0136997491136737,2
Age 15-24:Parity 1+,Africa:Senegal:Kaffrine,0.0317460317460317,0.0202961800548263,1993,Senegal,DHS_1993,13,1993,0.0406812181846289,0.0962816199919062,0.0156492990812579,2
Age 15-24:Parity 1+,Africa:Senegal:Kaffrine,,,1994,,,13,1994,0.0370883777276539,0.0987031997105748,0.0134057487004015,2
Age 15-24:Parity 1+,Africa:Senegal:Kaffrine,,,1995,,,13,1995,0.0339392995127378,0.0977827282962184,0.0115687162177736,2
Age 15-24:Parity 1+,Africa:Senegal:Kaffrine,,,1996,,,13,1996,0.0310844852921467,0.0946723307220177,0.0100865154502005,2
Age 15-24:Parity 1+,Africa:Senegal:Kaffrine,,,1997,,,13,1997,0.0284684592209387,0.0898377175077361,0.0088866720887378,2
Age 15-24:Parity 1+,Africa:Senegal:Kaffrine,,,1998,,,13,1998,0.0260598298626218,0.0838279306725548,0.0079165664341504,2
Age 15-24:Parity 1+,Africa:Senegal:Kaffrine,,,1999,,,13,1999,0.0238340988614909,0.0769515901711753,0.0071234032678169,2
Age 15-24:Parity 1+,Africa:Senegal:Kaffrine,,,2000,,,13,2000,0.0217748437265336,0.0696065326306982,0.0064939841919982,2
Age 15-24:Parity 1+,Africa:Senegal:Kaffrine,,,2001,,,13,2001,0.0198652952301509,0.0619675952382642,0.0059955153305944,2
Age 15-24:Parity 1+,Africa:Senegal:Kaffrine,,,2002,,,13,2002,0.0180926508980386,0.0543652056217779,0.0056179826412453,2
Age 15-24:Parity 1+,Africa:Senegal:Kaffrine,,,2003,,,13,2003,0.0164421669898008,0.0469679736053419,0.0053571999640968,2
Age 15-24:Parity 1+,Africa:Senegal:Kaffrine,,,2004,,,13,2004,0.0148962245614469,0.0399217217029744,0.0052229302376556,2
Age 15-24:Parity 1+,Africa:Senegal:Kaffrine,0.0,0.0,2005,Senegal,DHS_2005,13,2005,0.0134218365237115,0.0334971671513657,0.0052569118213499,2
Age 15-24:Parity 1+,Africa:Senegal:Kaffrine,,,2006,,,13,2006,0.0130743771592647,0.0336749702326575,0.0047681060346048,2
Age 15-24:Parity 1+,Africa:Senegal:Kaffrine,,,2007,,,13,2007,0.0126851797137999,0.0328069814194211,0.0045161564861808,2
Age 15-24:Parity 1+,Africa:Senegal:Kaffrine,,,2008,,,13,2008,0.0122723554251362,0.030980840803452,0.00445238977932,2
Age 15-24:Parity 1+,Africa:Senegal:Kaffrine,,,2009,,,13,2009,0.0118339931400638,0.0282987438915191,0.0045866383519542,2
Age 15-24:Parity 1+,Africa:Senegal:Kaffrine,0.0082920962985935,0.0079493972498023,2010,Senegal,DHS_2010,13,2010,0.0113380210654054,0.0249429840753905,0.0050190226105767,2
Age 15-24:Parity 1+,Africa:Senegal:Kaffrine,,,2011,,,13,2011,0.0128509729474075,0.0283770920498151,0.0056549028622859,2
Age 15-24:Parity 1+,Africa:Senegal:Kaffrine,0.0109040307971392,0.0111592853604446,2012,Senegal,DHS_2012,13,2012,0.0144930560877021,0.0302631631951783,0.0069139911456606,2
Age 15-24:Parity 1+,Africa:Senegal:Kaffrine,,,2013,,,13,2013,0.0151621194548198,0.0340646271797994,0.0068744729055485,2
Age 15-24:Parity 1+,Africa:Senegal:Kaffrine,0.0,0.0,2014,Senegal,DHS_2014,13,2014,0.0158984312750069,0.0344931210397497,0.0074533838932626,2
Age 15-24:Parity 1+,Africa:Senegal:Kaffrine,0.0,0.0,2015,Senegal,DHS_2015,13,2015,0.0158790493841709,0.0330660414541225,0.0076470702575193,2
Age 15-24:Parity 1+,Africa:Senegal:Kaffrine,0.0154498299498803,0.0150934470107088,2016,Senegal,DHS_2016,13,2016,0.0167220688318931,0.0340564562382873,0.0082699783047035,2
Age 15-24:Parity 1+,Africa:Senegal:Kaffrine,0.0124887232897817,0.0090215245563606,2017,Senegal,DHS_2017,13,2017,0.0132919375754837,0.0259104292958098,0.0066675985756926,2
Age 15-24:Parity 1+,Africa:Senegal:Kaffrine,0.0149487149829349,0.0089682727714022,2018,Senegal,DHS_2018,13,2018,0.0152277300176147,0.0302415432390922,0.007623465694192,2
Age 15-24:Parity 1+,Africa:Senegal:Kaffrine,0.0,0.0,2019,Senegal,DHS_2019,13,2019,0.0145706275295735,0.032537720565547,0.0064841139910201,2
Age 15-24:Parity 1+,Africa:Senegal:Kaffrine,,,2020,,,13,2020,0.0146730102583034,0.0391965843832119,0.0054484660651395,2
Age 15-24:Parity 1+,Africa:Senegal:Kaffrine,,,2021,,,13,2021,0.0147538081003231,0.0458319012379377,0.0047000471589442,2
Age 15-24:Parity 1+,Africa:Senegal:Kaffrine,,,2022,,,13,2022,0.0148175762000158,0.0526452541987656,0.0041166092938672,2
Age 15-24:Parity 1+,Africa:Senegal:Kaffrine,,,2023,,,13,2023,0.014864910966383,0.0595553730499394,0.003649864745261,2
Age 15-24:Parity 1+,Africa:Senegal:Kaffrine,,,2024,,,13,2024,0.0148959205145836,0.066752679969252,0.0032531778355337,2
Age 15-24:Parity 1+,Africa:Senegal:Kaffrine,,,2025,,,13,2025,0.0149106427418736,0.0740432175663698,0.0029203710688978,2
Age 15-24:Parity 1+,Africa:Senegal:Kaolack,,,1990,,,14,1990,0.0429942302622456,0.1987437611094657,0.0079305946025014,2
Age 15-24:Parity 1+,Africa:Senegal:Kaolack,,,1991,,,14,1991,0.0432002142740169,0.1805704716461819,0.0086208678928277,2
Age 15-24:Parity 1+,Africa:Senegal:Kaolack,,,1992,,,14,1992,0.0434594052441058,0.1624346978540212,0.0093586434248987,2
Age 15-24:Parity 1+,Africa:Senegal:Kaolack,0.0,0.0,1993,Senegal,DHS_1993,14,1993,0.0438566906175005,0.1440051101250871,0.0101183350792717,2
Age 15-24:Parity 1+,Africa:Senegal:Kaolack,,,1994,,,14,1994,0.0393530310915525,0.1365504561323609,0.0093833355656674,2
Age 15-24:Parity 1+,Africa:Senegal:Kaolack,,,1995,,,14,1995,0.0354404079413686,0.1273012324275816,0.0086471211579612,2
Age 15-24:Parity 1+,Africa:Senegal:Kaolack,,,1996,,,14,1996,0.0319712775790292,0.116943395818709,0.0079621979751966,2
Age 15-24:Parity 1+,Africa:Senegal:Kaolack,,,1997,,,14,1997,0.0288704396093615,0.1061297160331122,0.0073439745596699,2
Age 15-24:Parity 1+,Africa:Senegal:Kaolack,,,1998,,,14,1998,0.0260857448427396,0.0950415653426347,0.0067881825896348,2
Age 15-24:Parity 1+,Africa:Senegal:Kaolack,,,1999,,,14,1999,0.0235768926972005,0.0840356716450348,0.0063031561818992,2
Age 15-24:Parity 1+,Africa:Senegal:Kaolack,,,2000,,,14,2000,0.0213113720216972,0.0732583216349822,0.0058939756429288,2
Age 15-24:Parity 1+,Africa:Senegal:Kaolack,,,2001,,,14,2001,0.0192605587373075,0.0628658769109431,0.0055572705788157,2
Age 15-24:Parity 1+,Africa:Senegal:Kaolack,,,2002,,,14,2002,0.0174001179244782,0.0531401552229416,0.005304557880971,2
Age 15-24:Parity 1+,Africa:Senegal:Kaolack,,,2003,,,14,2003,0.015707419864778,0.0440960152569675,0.005142784197904,2
Age 15-24:Parity 1+,Africa:Senegal:Kaolack,,,2004,,,14,2004,0.0141598614787806,0.0358415127380176,0.0051015009805763,2
Age 15-24:Parity 1+,Africa:Senegal:Kaolack,0.0027707653723993,0.0028412338104328,2005,Senegal,DHS_2005,14,2005,0.0127225407858581,0.0284366615861427,0.0052371087303843,2
Age 15-24:Parity 1+,Africa:Senegal:Kaolack,,,2006,,,14,2006,0.012806245247921,0.0300138367771394,0.0049910806994884,2
Age 15-24:Parity 1+,Africa:Senegal:Kaolack,,,2007,,,14,2007,0.0128733166099917,0.0303897185005242,0.0049681608566033,2
Age 15-24:Parity 1+,Africa:Senegal:Kaolack,,,2008,,,14,2008,0.012923914445783,0.0295665884992059,0.0051637150770712,2
Age 15-24:Parity 1+,Africa:Senegal:Kaolack,,,2009,,,14,2009,0.0129483504864449,0.0275314203980845,0.0056576258286365,2
Age 15-24:Parity 1+,Africa:Senegal:Kaolack,0.0150497432378154,0.0075067193675813,2010,Senegal,DHS_2010,14,2010,0.0128939156901537,0.0242849730386362,0.0067279614283956,2
Age 15-24:Parity 1+,Africa:Senegal:Kaolack,,,2011,,,14,2011,0.0147777889407983,0.0291848065015655,0.0073719417243212,2
Age 15-24:Parity 1+,Africa:Senegal:Kaolack,0.0117616852775241,0.0117697771832983,2012,Senegal,DHS_2012,14,2012,0.0168590996466271,0.031849647934692,0.0090752861815122,2
Age 15-24:Parity 1+,Africa:Senegal:Kaolack,,,2013,,,14,2013,0.0179115944668495,0.0358105459538747,0.0093422213917923,2
Age 15-24:Parity 1+,Africa:Senegal:Kaolack,0.028794931444105,0.015582487241804,2014,Senegal,DHS_2014,14,2014,0.0191235533172143,0.0348229435803798,0.0108207077508915,2
Age 15-24:Parity 1+,Africa:Senegal:Kaolack,0.0220443745810645,0.0150606314412326,2015,Senegal,DHS_2015,14,2015,0.0187132002862931,0.0333841126813311,0.0106450734732383,2
Age 15-24:Parity 1+,Africa:Senegal:Kaolack,0.0074481233734097,0.0071653506338908,2016,Senegal,DHS_2016,14,2016,0.0191245023496569,0.0353130566905163,0.0105812591752317,2
Age 15-24:Parity 1+,Africa:Senegal:Kaolack,0.0111587875899415,0.0077526366008357,2017,Senegal,DHS_2017,14,2017,0.0152441486898669,0.0272858675444311,0.0082659649599896,2
Age 15-24:Parity 1+,Africa:Senegal:Kaolack,0.0272162530858737,0.015735818283546,2018,Senegal,DHS_2018,14,2018,0.0176957105796954,0.0322233288174985,0.0097603061239228,2
Age 15-24:Parity 1+,Africa:Senegal:Kaolack,0.0124096281566092,0.0085766165186418,2019,Senegal,DHS_2019,14,2019,0.0165828216668133,0.0323734314475761,0.0084138823662576,2
Age 15-24:Parity 1+,Africa:Senegal:Kaolack,,,2020,,,14,2020,0.0166538528545519,0.0399686171420321,0.0067976868325521,2
Age 15-24:Parity 1+,Africa:Senegal:Kaolack,,,2021,,,14,2021,0.0167037357814703,0.0473900000905466,0.0057269755681885,2
Age 15-24:Parity 1+,Africa:Senegal:Kaolack,,,2022,,,14,2022,0.0167423323655406,0.0548399940358496,0.0049368914633436,2
Age 15-24:Parity 1+,Africa:Senegal:Kaolack,,,2023,,,14,2023,0.016770974575001,0.0623309544000571,0.0043243401092176,2
Age 15-24:Parity 1+,Africa:Senegal:Kaolack,,,2024,,,14,2024,0.0167901200004426,0.0701217601551943,0.0038261766056905,2
Age 15-24:Parity 1+,Africa:Senegal:Kaolack,,,2025,,,14,2025,0.0167999468762147,0.078006109914862,0.0034154944240942,2
