subgroup,state,modern_method,se.modern_method,year,country,survey,dist.id,period.id,pred,pred_upper,pred_lower,model
Parity 0,Africa:Senegal:Dakar,,,1990,,,1,1990,0.0215159285904143,0.0340595170105571,0.0131962673998991,1
Parity 0,Africa:Senegal:Dakar,,,1991,,,1,1991,0.0215157528623096,0.0339933157945894,0.013224839573447,1
Parity 0,Africa:Senegal:Dakar,,,1992,,,1,1992,0.0215157527057952,0.0339279208629882,0.0132545559132737,1
Parity 0,Africa:Senegal:Dakar,0.021172638436482,0.0068248360753326,1993,Senegal,DHS_1993,1,1993,0.0234739913734257,0.0337195789201927,0.0167224594657288,1
Parity 0,Africa:Senegal:Dakar,,,1994,,,1,1994,0.0215101743608872,0.033817283697444,0.0132933892563897,1
Parity 0,Africa:Senegal:Dakar,,,1995,,,1,1995,0.0215045837014069,0.0337774891263063,0.0133070059005475,1
Parity 0,Africa:Senegal:Dakar,,,1996,,,1,1996,0.0214991622320818,0.0337375408071825,0.0133213454103597,1
Parity 0,Africa:Senegal:Dakar,,,1997,,,1,1997,0.0214939083745177,0.033696551627669,0.0133363168048536,1
Parity 0,Africa:Senegal:Dakar,,,1998,,,1,1998,0.0214888185090259,0.0336544872329431,0.0133518565954924,1
Parity 0,Africa:Senegal:Dakar,,,1999,,,1,1999,0.0214838997232767,0.0336118724356271,0.0133682415643528,1
Parity 0,Africa:Senegal:Dakar,,,2000,,,1,2000,0.0214791518762237,0.0335687207590645,0.0133854738385625,1
Parity 0,Africa:Senegal:Dakar,,,2001,,,1,2001,0.0214745863855894,0.0335254356448174,0.013403561598378,1
Parity 0,Africa:Senegal:Dakar,,,2002,,,1,2002,0.0214702012744873,0.0334814977185011,0.0134224141660982,1
Parity 0,Africa:Senegal:Dakar,,,2003,,,1,2003,0.02146599426786,0.0334367804621399,0.0134420057638796,1
Parity 0,Africa:Senegal:Dakar,,,2004,,,1,2004,0.0214619593903598,0.0333915115575494,0.0134624199834171,1
Parity 0,Africa:Senegal:Dakar,0.0192391202471148,0.006151901835421,2005,Senegal,DHS_2005,1,2005,0.0251866395393288,0.0349625908571458,0.0183844790158986,1
Parity 0,Africa:Senegal:Dakar,,,2006,,,1,2006,0.0214440348449871,0.0333054645484253,0.0134991623534589,1
Parity 0,Africa:Senegal:Dakar,,,2007,,,1,2007,0.0214301207488858,0.0332660595997466,0.0135141596060647,1
Parity 0,Africa:Senegal:Dakar,,,2008,,,1,2008,0.0214163575996422,0.0332281610639322,0.0135288372110092,1
Parity 0,Africa:Senegal:Dakar,,,2009,,,1,2009,0.0214027553074636,0.0331919495382451,0.0135431538535855,1
Parity 0,Africa:Senegal:Dakar,0.0149868131816669,0.0078505716130958,2010,Senegal,DHS_2010,1,2010,0.0181806213225465,0.025174921335718,0.0126966368815859,1
Parity 0,Africa:Senegal:Dakar,,,2011,,,1,2011,0.0214042192381746,0.033173025992277,0.0135806904670149,1
Parity 0,Africa:Senegal:Dakar,0.0233507507676834,0.0107157210339205,2012,Senegal,DHS_2012,1,2012,0.022653669583316,0.0311025714946213,0.0166981999105366,1
Parity 0,Africa:Senegal:Dakar,,,2013,,,1,2013,0.0214260700380196,0.033201395398455,0.0136166039826969,1
Parity 0,Africa:Senegal:Dakar,0.0233702955919482,0.0088261319964871,2014,Senegal,DHS_2014,1,2014,0.026224154817702,0.0370861373064933,0.0189351483162102,1
Parity 0,Africa:Senegal:Dakar,0.0132335906116044,0.0070858802004582,2015,Senegal,DHS_2015,1,2015,0.0200832690631204,0.0275273377417484,0.0142579090733067,1
Parity 0,Africa:Senegal:Dakar,0.0225622819925223,0.0088147650166206,2016,Senegal,DHS_2016,1,2016,0.0190262734941023,0.0263461196205575,0.0130374506992557,1
Parity 0,Africa:Senegal:Dakar,0.0308160676570048,0.0072107002288141,2017,Senegal,DHS_2017,1,2017,0.0194301731573958,0.0258872830471224,0.0143832555401504,1
Parity 0,Africa:Senegal:Dakar,0.0197135348945024,0.0112896637541024,2018,Senegal,DHS_2018,1,2018,0.0198198249031198,0.0272731045964356,0.0140045810154808,1
Parity 0,Africa:Senegal:Dakar,0.005062401224362,0.0049986999175493,2019,Senegal,DHS_2019,1,2019,0.0215490284038424,0.0302129866582482,0.0154274852029125,1
Parity 0,Africa:Senegal:Dakar,,,2020,,,1,2020,0.0213931560807851,0.0334648192581006,0.0135419381809817,1
Parity 0,Africa:Senegal:Dakar,,,2021,,,1,2021,0.0213915259649936,0.0335285176022568,0.0135153157438619,1
Parity 0,Africa:Senegal:Dakar,,,2022,,,1,2022,0.0213901685729044,0.0335930203930205,0.0134892826089147,1
Parity 0,Africa:Senegal:Dakar,,,2023,,,1,2023,0.0213890768988913,0.0336579440047147,0.0134635170316091,1
Parity 0,Africa:Senegal:Dakar,,,2024,,,1,2024,0.0213882403530124,0.0337230743874362,0.0134380921458129,1
Parity 0,Africa:Senegal:Dakar,,,2025,,,1,2025,0.0213876526858472,0.0337894552789205,0.0134131813382267,1
Parity 0,Africa:Senegal:Sédhiou,,,1990,,,2,1990,0.0651825677073643,0.1021971657999971,0.0414126716083528,1
Parity 0,Africa:Senegal:Sédhiou,,,1991,,,2,1991,0.0651858266976119,0.1019841090293192,0.0414865407685296,1
Parity 0,Africa:Senegal:Sédhiou,,,1992,,,2,1992,0.0651892938810411,0.1017684351528506,0.0415603702704532,1
Parity 0,Africa:Senegal:Sédhiou,0.0,0.0,1993,Senegal,DHS_1993,2,1993,0.0708544352691089,0.1041135392158185,0.0504473821328257,1
Parity 0,Africa:Senegal:Sédhiou,,,1994,,,2,1994,0.0651684852031847,0.101301604276075,0.0416797944950712,1
Parity 0,Africa:Senegal:Sédhiou,,,1995,,,2,1995,0.0651441339014029,0.1010586283213535,0.0417291688994304,1
Parity 0,Africa:Senegal:Sédhiou,,,1996,,,2,1996,0.0651199503691385,0.1008373725634598,0.0417793816553171,1
Parity 0,Africa:Senegal:Sédhiou,,,1997,,,2,1997,0.0650959491763762,0.1006173985108962,0.041831022462698,1
Parity 0,Africa:Senegal:Sédhiou,,,1998,,,2,1998,0.0650721303770207,0.100393857108138,0.0418825352865682,1
Parity 0,Africa:Senegal:Sédhiou,,,1999,,,2,1999,0.0650484940546323,0.100168030207965,0.0419345870333599,1
Parity 0,Africa:Senegal:Sédhiou,,,2000,,,2,2000,0.065025055736077,0.0999413097037957,0.0419875881642744,1
Parity 0,Africa:Senegal:Sédhiou,,,2001,,,2,2001,0.0650018346603849,0.0997135747634248,0.0420414496316952,1
Parity 0,Africa:Senegal:Sédhiou,,,2002,,,2,2002,0.0649788417076713,0.0994826366863988,0.0420958350223775,1
Parity 0,Africa:Senegal:Sédhiou,,,2003,,,2,2003,0.0649560387931253,0.09925263360431,0.0421511188043957,1
Parity 0,Africa:Senegal:Sédhiou,,,2004,,,2,2004,0.0649334516459787,0.0990237983473269,0.04220747124588,1
Parity 0,Africa:Senegal:Sédhiou,0.0874069723149112,0.0344734102639572,2005,Senegal,DHS_2005,2,2005,0.0758152122301045,0.1034385414487257,0.0563306447455472,1
Parity 0,Africa:Senegal:Sédhiou,,,2006,,,2,2006,0.0648104499852199,0.0985579322213654,0.0422638724868657,1
Parity 0,Africa:Senegal:Sédhiou,,,2007,,,2,2007,0.0647095193026738,0.0982967741994556,0.0422638290698334,1
Parity 0,Africa:Senegal:Sédhiou,,,2008,,,2,2008,0.0646082169509045,0.0980359796485457,0.0422647208897025,1
Parity 0,Africa:Senegal:Sédhiou,,,2009,,,2,2009,0.0645064873378992,0.0977772974687159,0.0422667366892292,1
Parity 0,Africa:Senegal:Sédhiou,0.0430932220073319,0.0161770060499586,2010,Senegal,DHS_2010,2,2010,0.0552497174381663,0.0735927011558118,0.0401028485354252,1
Parity 0,Africa:Senegal:Sédhiou,,,2011,,,2,2011,0.064398103123572,0.0974362217812849,0.0423081086774376,1
Parity 0,Africa:Senegal:Sédhiou,0.0913732116596819,0.0256638662633168,2012,Senegal,DHS_2012,2,2012,0.0680623102481866,0.0900943801024057,0.0520754042177604,1
Parity 0,Africa:Senegal:Sédhiou,,,2013,,,2,2013,0.0643114571614838,0.0971810783479113,0.0423202385404205,1
Parity 0,Africa:Senegal:Sédhiou,0.1153243910450092,0.0303567549532991,2014,Senegal,DHS_2014,2,2014,0.0781070638439869,0.1063032016861681,0.0577963693600444,1
Parity 0,Africa:Senegal:Sédhiou,0.0312942171892844,0.0105924375980453,2015,Senegal,DHS_2015,2,2015,0.0602591534881793,0.0793756535934606,0.0446181934478875,1
Parity 0,Africa:Senegal:Sédhiou,0.0529410167581344,0.0178543353457958,2016,Senegal,DHS_2016,2,2016,0.0571180363375426,0.076350482379632,0.0405283922180705,1
Parity 0,Africa:Senegal:Sédhiou,0.0689369519647841,0.0206975505921156,2017,Senegal,DHS_2017,2,2017,0.0582397013282295,0.0759295169859778,0.0436619796969189,1
Parity 0,Africa:Senegal:Sédhiou,0.0567144694065726,0.0148839537900919,2018,Senegal,DHS_2018,2,2018,0.059265450491565,0.0775755204820188,0.0441116129682456,1
Parity 0,Africa:Senegal:Sédhiou,0.0075794425272353,0.0077305535033989,2019,Senegal,DHS_2019,2,2019,0.0642268025594743,0.0870052299076106,0.0474401651179638,1
Parity 0,Africa:Senegal:Sédhiou,,,2020,,,2,2020,0.0636997603184695,0.0967771406626377,0.0417066411560888,1
Parity 0,Africa:Senegal:Sédhiou,,,2021,,,2,2021,0.0637018994812522,0.0969293102743563,0.0416220050962467,1
Parity 0,Africa:Senegal:Sédhiou,,,2022,,,2,2022,0.06370398038279,0.0970867840655554,0.0415400612986718,1
Parity 0,Africa:Senegal:Sédhiou,,,2023,,,2,2023,0.0637060715467523,0.0972460565434716,0.0414454148061231,1
Parity 0,Africa:Senegal:Sédhiou,,,2024,,,2,2024,0.0637082011501521,0.0974079499117148,0.0413526229744941,1
Parity 0,Africa:Senegal:Sédhiou,,,2025,,,2,2025,0.0637103645083759,0.0975705144902023,0.0412611375323776,1
Parity 0,Africa:Senegal:Tambacounda,,,1990,,,3,1990,0.0164255613056371,0.0287203937084821,0.0093124161716795,1
Parity 0,Africa:Senegal:Tambacounda,,,1991,,,3,1991,0.0164260022117548,0.028671825365041,0.0093248779610215,1
Parity 0,Africa:Senegal:Tambacounda,,,1992,,,3,1992,0.0164262041184867,0.0286228890597371,0.0093370351384886,1
Parity 0,Africa:Senegal:Tambacounda,0.0,0.0,1993,Senegal,DHS_1993,3,1993,0.0179979872351953,0.0296518152384015,0.0110676517384758,1
Parity 0,Africa:Senegal:Tambacounda,,,1994,,,3,1994,0.0164182831127534,0.0285154369239957,0.0093563192232346,1
Parity 0,Africa:Senegal:Tambacounda,,,1995,,,3,1995,0.0164101414893455,0.0284567655847975,0.0093634331408178,1
Parity 0,Africa:Senegal:Tambacounda,,,1996,,,3,1996,0.0164017394651984,0.0283974111702109,0.0093701660341454,1
Parity 0,Africa:Senegal:Tambacounda,,,1997,,,3,1997,0.016393070962039,0.0283376343050454,0.0093766175405757,1
Parity 0,Africa:Senegal:Tambacounda,,,1998,,,3,1998,0.0163841319445636,0.0282775606418203,0.0093827906175328,1
Parity 0,Africa:Senegal:Tambacounda,,,1999,,,3,1999,0.0163749183339452,0.0282173114480338,0.0093886893178919,1
Parity 0,Africa:Senegal:Tambacounda,,,2000,,,3,2000,0.0163654256798163,0.028157003173981,0.0093943186748541,1
Parity 0,Africa:Senegal:Tambacounda,,,2001,,,3,2001,0.0163556456538273,0.0280966953307545,0.0093996841500139,1
Parity 0,Africa:Senegal:Tambacounda,,,2002,,,3,2002,0.0163455737754981,0.028036183418604,0.009404773099701,1
Parity 0,Africa:Senegal:Tambacounda,,,2003,,,3,2003,0.0163352056777587,0.0279838857616659,0.0094095696357486,1
Parity 0,Africa:Senegal:Tambacounda,,,2004,,,3,2004,0.0163245458277535,0.0279312109303817,0.0094141080974645,1
Parity 0,Africa:Senegal:Tambacounda,0.0136130299406365,0.0077361332424144,2005,Senegal,DHS_2005,3,2005,0.0192574617289186,0.0298905017554927,0.0122632967529755,1
Parity 0,Africa:Senegal:Tambacounda,,,2006,,,3,2006,0.0162896605853125,0.02781861553424,0.0094144232896054,1
Parity 0,Africa:Senegal:Tambacounda,,,2007,,,3,2007,0.0162654305479673,0.0277596005551365,0.0094099876058071,1
Parity 0,Africa:Senegal:Tambacounda,,,2008,,,3,2008,0.0162408900867908,0.0277014022237961,0.0094051037963935,1
Parity 0,Africa:Senegal:Tambacounda,,,2009,,,3,2009,0.016216030622171,0.0276441171494553,0.0093997945953388,1
Parity 0,Africa:Senegal:Tambacounda,0.0045764180822181,0.0045888499855188,2010,Senegal,DHS_2010,3,2010,0.0137466215035422,0.0213376614121098,0.0086300783910384,1
Parity 0,Africa:Senegal:Tambacounda,,,2011,,,3,2011,0.0161888934185695,0.0275744898026789,0.009397757856455,1
Parity 0,Africa:Senegal:Tambacounda,0.0144477206808803,0.0120761254028049,2012,Senegal,DHS_2012,3,2012,0.0171818742127101,0.026410178653585,0.0110813457754162,1
Parity 0,Africa:Senegal:Tambacounda,,,2013,,,3,2013,0.0161790424314932,0.0275447873667141,0.0094002347139319,1
Parity 0,Africa:Senegal:Tambacounda,0.0367871130252861,0.0243511524205224,2014,Senegal,DHS_2014,3,2014,0.0198938075532281,0.0313526338614645,0.0125224602384887,1
Parity 0,Africa:Senegal:Tambacounda,0.0384003793073923,0.0267726800861757,2015,Senegal,DHS_2015,3,2015,0.0151182503149594,0.0232209905414465,0.0096211042027554,1
Parity 0,Africa:Senegal:Tambacounda,0.0068800701232606,0.0069712477188843,2016,Senegal,DHS_2016,3,2016,0.0142608403318147,0.0223197310700073,0.008772986857949,1
Parity 0,Africa:Senegal:Tambacounda,0.0100395684705842,0.0047072396140111,2017,Senegal,DHS_2017,3,2017,0.0145785529911903,0.022115006337735,0.0094157423606162,1
Parity 0,Africa:Senegal:Tambacounda,0.0081716805493034,0.0081597944797626,2018,Senegal,DHS_2018,3,2018,0.0148613919798915,0.0229285495016301,0.0093864857999268,1
Parity 0,Africa:Senegal:Tambacounda,0.0,0.0,2019,Senegal,DHS_2019,3,2019,0.0162138000506946,0.0252147894029119,0.0103123996279666,1
Parity 0,Africa:Senegal:Tambacounda,,,2020,,,3,2020,0.0160710309494033,0.027515249384172,0.0093023459091781,1
Parity 0,Africa:Senegal:Tambacounda,,,2021,,,3,2021,0.0160725272916408,0.0275576372031296,0.009289681624882,1
Parity 0,Africa:Senegal:Tambacounda,,,2022,,,3,2022,0.0160737516374074,0.027600374133778,0.0092768242711841,1
Parity 0,Africa:Senegal:Tambacounda,,,2023,,,3,2023,0.0160747099413154,0.0276433770288404,0.0092628894614704,1
Parity 0,Africa:Senegal:Tambacounda,,,2024,,,3,2024,0.0160754077388264,0.0276865537558093,0.0092474500270907,1
Parity 0,Africa:Senegal:Tambacounda,,,2025,,,3,2025,0.0160758501640195,0.0277298040657647,0.009231793469697,1
Parity 0,Africa:Senegal:Thiès,,,1990,,,4,1990,0.0139138051837846,0.0235078960181067,0.0082938360665934,1
Parity 0,Africa:Senegal:Thiès,,,1991,,,4,1991,0.0139151582673991,0.0234590644291963,0.0083058444808818,1
Parity 0,Africa:Senegal:Thiès,,,1992,,,4,1992,0.0139167394552081,0.0234106884519384,0.0083178928421194,1
Parity 0,Africa:Senegal:Thiès,0.0277777777777777,0.0104131361311706,1993,Senegal,DHS_1993,4,1993,0.0152587752038768,0.0233556440092878,0.0102609473624754,1
Parity 0,Africa:Senegal:Thiès,,,1994,,,4,1994,0.0138999873344894,0.023292829605035,0.0083237445057059,1
Parity 0,Africa:Senegal:Thiès,,,1995,,,4,1995,0.0138815642838804,0.0232240713798346,0.0083175887016135,1
Parity 0,Africa:Senegal:Thiès,,,1996,,,4,1996,0.0138632939325025,0.0231624824617778,0.0083114345548864,1
Parity 0,Africa:Senegal:Thiès,,,1997,,,4,1997,0.0138451704705187,0.0231043788597931,0.0083053979673531,1
Parity 0,Africa:Senegal:Thiès,,,1998,,,4,1998,0.0138271963372552,0.0230470791146243,0.0082994403583,1
Parity 0,Africa:Senegal:Thiès,,,1999,,,4,1999,0.0138093734756205,0.0229907336948828,0.008293555725562,1
Parity 0,Africa:Senegal:Thiès,,,2000,,,4,2000,0.0137917029676064,0.0229354104969688,0.0082877490534411,1
Parity 0,Africa:Senegal:Thiès,,,2001,,,4,2001,0.0137741860286913,0.022881167515928,0.0082820263920481,1
Parity 0,Africa:Senegal:Thiès,,,2002,,,4,2002,0.0137568235496429,0.0228280453427479,0.0082763947388761,1
Parity 0,Africa:Senegal:Thiès,,,2003,,,4,2003,0.0137396161563408,0.0227760722073587,0.0082708620661147,1
Parity 0,Africa:Senegal:Thiès,,,2004,,,4,2004,0.0137225655510365,0.0227246384427141,0.0082654581629245,1
Parity 0,Africa:Senegal:Thiès,0.003564505991371,0.0035312396179509,2005,Senegal,DHS_2005,4,2005,0.0161591692478732,0.0244440962506361,0.0108171620281142,1
Parity 0,Africa:Senegal:Thiès,,,2006,,,4,2006,0.0136799867129677,0.022618217693489,0.0082520261093779,1
Parity 0,Africa:Senegal:Thiès,,,2007,,,4,2007,0.0136544551928251,0.0225690498462325,0.0082439260188984,1
Parity 0,Africa:Senegal:Thiès,,,2008,,,4,2008,0.0136290662638274,0.0225207780060332,0.008235896373601,1
Parity 0,Africa:Senegal:Thiès,,,2009,,,4,2009,0.0136038376695681,0.022473511565432,0.0082279467639148,1
Parity 0,Africa:Senegal:Thiès,0.0070838911325442,0.0050092848702603,2010,Senegal,DHS_2010,4,2010,0.0115306066893707,0.0171656169753139,0.0076043630942822,1
Parity 0,Africa:Senegal:Thiès,,,2011,,,4,2011,0.0135730064576113,0.0224136505223068,0.0082198724158315,1
Parity 0,Africa:Senegal:Thiès,0.0167922377967556,0.0092549449994253,2012,Senegal,DHS_2012,4,2012,0.0143894864986256,0.0212806297874136,0.0098337900606749,1
Parity 0,Africa:Senegal:Thiès,,,2013,,,4,2013,0.0135549476318959,0.0223829659654678,0.0082132934931217,1
Parity 0,Africa:Senegal:Thiès,0.0,0.0,2014,Senegal,DHS_2014,4,2014,0.016638004967936,0.02562100025667,0.0109999459301733,1
Parity 0,Africa:Senegal:Thiès,0.0023961560154539,0.0024308877585845,2015,Senegal,DHS_2015,4,2015,0.0126615315914856,0.0187861947516824,0.0084209635314877,1
Parity 0,Africa:Senegal:Thiès,0.0,0.0,2016,Senegal,DHS_2016,4,2016,0.0119648443254263,0.0180461361901073,0.0076587186411212,1
Parity 0,Africa:Senegal:Thiès,0.0144368689622158,0.0058240830942625,2017,Senegal,DHS_2017,4,2017,0.0122244460137395,0.0177320066714764,0.0083650895881649,1
Parity 0,Africa:Senegal:Thiès,0.0184359331964232,0.0084151276833999,2018,Senegal,DHS_2018,4,2018,0.0124632115568204,0.018299386941347,0.0083793641525415,1
Parity 0,Africa:Senegal:Thiès,0.0036413696932536,0.0035002721348109,2019,Senegal,DHS_2019,4,2019,0.0135858857028211,0.020318290203529,0.0091320098520282,1
Parity 0,Africa:Senegal:Thiès,,,2020,,,4,2020,0.0134723983121663,0.0223621194380861,0.008128096528087,1
Parity 0,Africa:Senegal:Thiès,,,2021,,,4,2021,0.0134721209059858,0.0223916721282389,0.0081117305540575,1
Parity 0,Africa:Senegal:Thiès,,,2022,,,4,2022,0.013472037441868,0.0224219123450879,0.0080955541048535,1
Parity 0,Africa:Senegal:Thiès,,,2023,,,4,2023,0.0134721447450811,0.0224528058492945,0.0080795942300168,1
Parity 0,Africa:Senegal:Thiès,,,2024,,,4,2024,0.0134724411522209,0.0224844807010184,0.0080638839390927,1
Parity 0,Africa:Senegal:Thiès,,,2025,,,4,2025,0.0134729266286297,0.0225175769689356,0.0080485404836223,1
Parity 0,Africa:Senegal:Ziguinchor,,,1990,,,5,1990,0.0973453541828153,0.1463562773886175,0.0633541000082829,1
Parity 0,Africa:Senegal:Ziguinchor,,,1991,,,5,1991,0.0973596141668189,0.1460218134579514,0.0634382928298596,1
Parity 0,Africa:Senegal:Ziguinchor,,,1992,,,5,1992,0.0973749700932975,0.1456787756228145,0.0635225895545435,1
Parity 0,Africa:Senegal:Ziguinchor,0.1176470588235294,0.0569732339020059,1993,Senegal,DHS_1993,5,1993,0.1049945402848047,0.1476991447051218,0.0791946493443861,1
Parity 0,Africa:Senegal:Ziguinchor,,,1994,,,5,1994,0.0973627022646394,0.1449961896032376,0.0636510547582683,1
Parity 0,Africa:Senegal:Ziguinchor,,,1995,,,5,1995,0.0973350721944053,0.1446574687752768,0.0636955446932595,1
Parity 0,Africa:Senegal:Ziguinchor,,,1996,,,5,1996,0.0973084821114949,0.1443091588242005,0.0637408063964585,1
Parity 0,Africa:Senegal:Ziguinchor,,,1997,,,5,1997,0.0972829896262713,0.1439521736709551,0.0637867253661926,1
Parity 0,Africa:Senegal:Ziguinchor,,,1998,,,5,1998,0.0972586147070228,0.1435893049109502,0.0638339842091292,1
Parity 0,Africa:Senegal:Ziguinchor,,,1999,,,5,1999,0.0972354430163526,0.1432646442030433,0.0638824858963161,1
Parity 0,Africa:Senegal:Ziguinchor,,,2000,,,5,2000,0.0972136151029579,0.1429396374615826,0.0639304075983103,1
Parity 0,Africa:Senegal:Ziguinchor,,,2001,,,5,2001,0.0971931492054916,0.1426067641307448,0.0639784838709199,1
Parity 0,Africa:Senegal:Ziguinchor,,,2002,,,5,2002,0.0971741378431663,0.1422670359069739,0.0640265300057392,1
Parity 0,Africa:Senegal:Ziguinchor,,,2003,,,5,2003,0.0971566333025198,0.1419221503203826,0.064076695733768,1
Parity 0,Africa:Senegal:Ziguinchor,,,2004,,,5,2004,0.0971408493733257,0.1415707742356376,0.0641254890746109,1
Parity 0,Africa:Senegal:Ziguinchor,0.1654216592707542,0.0248921829753813,2005,Senegal,DHS_2005,5,2005,0.1122432448064597,0.1429552041021803,0.0900957176309665,1
Parity 0,Africa:Senegal:Ziguinchor,,,2006,,,5,2006,0.0967693872050288,0.1401781155658063,0.0640376519080537,1
Parity 0,Africa:Senegal:Ziguinchor,,,2007,,,5,2007,0.0964077727546002,0.1392247560102154,0.063896250068379,1
Parity 0,Africa:Senegal:Ziguinchor,,,2008,,,5,2008,0.0960442559431052,0.1382974226755699,0.0637513274642132,1
Parity 0,Africa:Senegal:Ziguinchor,,,2009,,,5,2009,0.0956784119762534,0.1374655914415959,0.0635999120541929,1
Parity 0,Africa:Senegal:Ziguinchor,0.0753714064168432,0.0149685180889307,2010,Senegal,DHS_2010,5,2010,0.081637557473355,0.1046281193483863,0.0615796576422368,1
Parity 0,Africa:Senegal:Ziguinchor,,,2011,,,5,2011,0.095082468194835,0.1362563914442079,0.0633143995644936,1
Parity 0,Africa:Senegal:Ziguinchor,0.0979256233122046,0.0224087152259626,2012,Senegal,DHS_2012,5,2012,0.0995542428120755,0.1252566498493538,0.0794918383167452,1
Parity 0,Africa:Senegal:Ziguinchor,,,2013,,,5,2013,0.0946014102815586,0.1354036302259014,0.0630087416625648,1
Parity 0,Africa:Senegal:Ziguinchor,0.1280144514939367,0.0226114676398176,2014,Senegal,DHS_2014,5,2014,0.1129982344559628,0.1451381506112507,0.0897359904361344,1
Parity 0,Africa:Senegal:Ziguinchor,0.1086520588501231,0.0289213727144204,2015,Senegal,DHS_2015,5,2015,0.0883068187470392,0.1115723570127457,0.0665978181934369,1
Parity 0,Africa:Senegal:Ziguinchor,0.0391331444993379,0.0175837776149078,2016,Senegal,DHS_2016,5,2016,0.0835706704147333,0.1086456478502505,0.059333712709873,1
Parity 0,Africa:Senegal:Ziguinchor,0.040418898871453,0.0114617081384647,2017,Senegal,DHS_2017,5,2017,0.084832814473539,0.1070707122299264,0.0642991904284969,1
Parity 0,Africa:Senegal:Ziguinchor,0.0398870079469825,0.0178562406972788,2018,Senegal,DHS_2018,5,2018,0.0864454667380309,0.1103837189588491,0.0637412088837169,1
Parity 0,Africa:Senegal:Ziguinchor,0.0911565868095141,0.0206615589291872,2019,Senegal,DHS_2019,5,2019,0.0934383568210734,0.1183096827620515,0.0717896863722194,1
Parity 0,Africa:Senegal:Ziguinchor,,,2020,,,5,2020,0.0930437472540404,0.1340791309252296,0.0611156558917862,1
Parity 0,Africa:Senegal:Ziguinchor,,,2021,,,5,2021,0.0930535316471853,0.1342405628275722,0.060936916187279,1
Parity 0,Africa:Senegal:Ziguinchor,,,2022,,,5,2022,0.0930631468253376,0.1344033956274114,0.0607654567005031,1
Parity 0,Africa:Senegal:Ziguinchor,,,2023,,,5,2023,0.0930726762376918,0.134567970760609,0.0606003420139802,1
Parity 0,Africa:Senegal:Ziguinchor,,,2024,,,5,2024,0.0930821909182952,0.1347522166921339,0.0604411300297945,1
Parity 0,Africa:Senegal:Ziguinchor,,,2025,,,5,2025,0.0930917539122119,0.1349473851875251,0.0602879742172629,1
Parity 0,Africa:Senegal:Kédougou,,,1990,,,6,1990,0.0382969648866756,0.0669405105080082,0.0211049907085934,1
Parity 0,Africa:Senegal:Kédougou,,,1991,,,6,1991,0.0382992669694043,0.0668315828868612,0.0211318804570826,1
Parity 0,Africa:Senegal:Kédougou,,,1992,,,6,1992,0.0383022645660681,0.0667240264215448,0.0211593641228104,1
Parity 0,Africa:Senegal:Kédougou,0.0,0.0,1993,Senegal,DHS_1993,6,1993,0.041759230858818,0.0691661277948166,0.0253992215335125,1
Parity 0,Africa:Senegal:Kédougou,,,1994,,,6,1994,0.03829312783324,0.0664883785524661,0.0212067139101825,1
Parity 0,Africa:Senegal:Kédougou,,,1995,,,6,1995,0.0382809904498574,0.0663589149937168,0.0212264103119355,1
Parity 0,Africa:Senegal:Kédougou,,,1996,,,6,1996,0.038269569111719,0.0662312809940166,0.0212464524322525,1
Parity 0,Africa:Senegal:Kédougou,,,1997,,,6,1997,0.0382588621100081,0.0661197428642617,0.0212668090389418,1
Parity 0,Africa:Senegal:Kédougou,,,1998,,,6,1998,0.0382488905822948,0.066008377193898,0.0212875876417488,1
Parity 0,Africa:Senegal:Kédougou,,,1999,,,6,1999,0.0382396706788603,0.0658976340673961,0.0213087617996586,1
Parity 0,Africa:Senegal:Kédougou,,,2000,,,6,2000,0.0382312154552372,0.0657876035279885,0.0213302852616292,1
Parity 0,Africa:Senegal:Kédougou,,,2001,,,6,2001,0.038223538472242,0.0656783727244109,0.0213521103257004,1
Parity 0,Africa:Senegal:Kédougou,,,2002,,,6,2002,0.0382166543555656,0.0655700367507683,0.0213741876948126,1
Parity 0,Africa:Senegal:Kédougou,,,2003,,,6,2003,0.0382105914028092,0.0654630232764152,0.0213961789147612,1
Parity 0,Africa:Senegal:Kédougou,,,2004,,,6,2004,0.0382053563478077,0.0653563209079935,0.0214181615137494,1
Parity 0,Africa:Senegal:Kédougou,0.0890197970265515,0.0287664315943302,2005,Senegal,DHS_2005,6,2005,0.0447005234737419,0.0688472801700989,0.0289948994069516,1
Parity 0,Africa:Senegal:Kédougou,,,2006,,,6,2006,0.0380980645259782,0.0650285042557917,0.021398345214175,1
Parity 0,Africa:Senegal:Kédougou,,,2007,,,6,2007,0.0379958972743477,0.0648113844630476,0.0213563825135765,1
Parity 0,Africa:Senegal:Kédougou,,,2008,,,6,2008,0.0378943857597499,0.0646008693288068,0.0213143088029099,1
Parity 0,Africa:Senegal:Kédougou,,,2009,,,6,2009,0.0377935128835846,0.0644186332871958,0.0212721581334661,1
Parity 0,Africa:Senegal:Kédougou,0.0053629249577371,0.0051416151046722,2010,Senegal,DHS_2010,6,2010,0.0319540049106022,0.0519471651093607,0.0193395445697061,1
Parity 0,Africa:Senegal:Kédougou,,,2011,,,6,2011,0.0376568429285464,0.0641719374167238,0.0212141313533977,1
Parity 0,Africa:Senegal:Kédougou,0.0602674520777563,0.0358676633484755,2012,Senegal,DHS_2012,6,2012,0.039719702214005,0.0620979525053117,0.0252844656370543,1
Parity 0,Africa:Senegal:Kédougou,,,2013,,,6,2013,0.0375605345375852,0.0640185453080885,0.021163904086521,1
Parity 0,Africa:Senegal:Kédougou,0.0585275891546836,0.0407604290084698,2014,Senegal,DHS_2014,6,2014,0.0456516127421602,0.0724781194449747,0.0289190852700198,1
Parity 0,Africa:Senegal:Kédougou,0.021229387926701,0.0154496481697357,2015,Senegal,DHS_2015,6,2015,0.0349415267116185,0.0556198081103876,0.0215134291676924,1
Parity 0,Africa:Senegal:Kédougou,0.0096526269127311,0.0094181966385758,2016,Senegal,DHS_2016,6,2016,0.0329926549313997,0.0538022517265561,0.0195362383659414,1
Parity 0,Africa:Senegal:Kédougou,0.0,0.0,2017,Senegal,DHS_2017,6,2017,0.0337121230629462,0.0538826951150704,0.0207441126788907,1
Parity 0,Africa:Senegal:Kédougou,0.0456743186934273,0.0299593054020541,2018,Senegal,DHS_2018,6,2018,0.0343383959289301,0.0548312520034523,0.0210632086547502,1
Parity 0,Africa:Senegal:Kédougou,0.010054807707636,0.0097417683220924,2019,Senegal,DHS_2019,6,2019,0.0374104929202249,0.0595747301093636,0.0231579830475559,1
Parity 0,Africa:Senegal:Kédougou,,,2020,,,6,2020,0.0372071608212956,0.0638017362726858,0.0208424248554786,1
Parity 0,Africa:Senegal:Kédougou,,,2021,,,6,2021,0.0372058832802663,0.0638757545195303,0.020805070290911,1
Parity 0,Africa:Senegal:Kédougou,,,2022,,,6,2022,0.0372052654955481,0.0639511623151941,0.0207685805806647,1
Parity 0,Africa:Senegal:Kédougou,,,2023,,,6,2023,0.0372053016501473,0.0640279157518195,0.020732753739353,1
Parity 0,Africa:Senegal:Kédougou,,,2024,,,6,2024,0.0372059798307664,0.0641059416772729,0.0206976327063178,1
Parity 0,Africa:Senegal:Kédougou,,,2025,,,6,2025,0.037207288525853,0.0641851552282398,0.0206632562669565,1
Parity 0,Africa:Senegal:Kolda,,,1990,,,7,1990,0.0407666608595424,0.0647338515131744,0.0247215223278218,1
Parity 0,Africa:Senegal:Kolda,,,1991,,,7,1991,0.0407675514098072,0.0646098400386676,0.0247678811361912,1
Parity 0,Africa:Senegal:Kolda,,,1992,,,7,1992,0.0407687699567453,0.0644852476997193,0.0248152919330184,1
Parity 0,Africa:Senegal:Kolda,0.02,0.0199488234128119,1993,Senegal,DHS_1993,7,1993,0.0443647299895914,0.0659312496231921,0.0304129475733844,1
Parity 0,Africa:Senegal:Kolda,,,1994,,,7,1994,0.040761257673189,0.0642421839312869,0.02489830244813,1
Parity 0,Africa:Senegal:Kolda,,,1995,,,7,1995,0.0407526156655504,0.0641218145065145,0.0249378784424363,1
Parity 0,Africa:Senegal:Kolda,,,1996,,,7,1996,0.0407444094560143,0.0639980001516368,0.0249784167023237,1
Parity 0,Africa:Senegal:Kolda,,,1997,,,7,1997,0.0407366212181085,0.0638905451088791,0.0250194018384621,1
Parity 0,Africa:Senegal:Kolda,,,1998,,,7,1998,0.0407292346286575,0.0637840089419728,0.0250605292654878,1
Parity 0,Africa:Senegal:Kolda,,,1999,,,7,1999,0.0407222791377638,0.0636766829226074,0.0251023237690056,1
Parity 0,Africa:Senegal:Kolda,,,2000,,,7,2000,0.0407157740158447,0.0635692531730302,0.0251448278132241,1
Parity 0,Africa:Senegal:Kolda,,,2001,,,7,2001,0.0407097634793619,0.0634631452404928,0.0251876360562097,1
Parity 0,Africa:Senegal:Kolda,,,2002,,,7,2002,0.040704226223456,0.0633560262131735,0.0252306792791391,1
Parity 0,Africa:Senegal:Kolda,,,2003,,,7,2003,0.0406991521924753,0.0632480655039536,0.0252743126499818,1
Parity 0,Africa:Senegal:Kolda,,,2004,,,7,2004,0.0406945574259993,0.0631402276310893,0.0253188949105622,1
Parity 0,Africa:Senegal:Kolda,0.0427637664074883,0.0163918515599885,2005,Senegal,DHS_2005,7,2005,0.0475595464274248,0.0661979216156249,0.0344787626065266,1
Parity 0,Africa:Senegal:Kolda,,,2006,,,7,2006,0.0406508246764876,0.0629081492083427,0.0253816557891595,1
Parity 0,Africa:Senegal:Kolda,,,2007,,,7,2007,0.0406114718820592,0.0627849891695366,0.0253986271037783,1
Parity 0,Africa:Senegal:Kolda,,,2008,,,7,2008,0.0405724165207898,0.0626640527817329,0.0254138903819737,1
Parity 0,Africa:Senegal:Kolda,,,2009,,,7,2009,0.0405336669586432,0.0625543302427398,0.0254280130785627,1
Parity 0,Africa:Senegal:Kolda,0.0452531894154083,0.0161568804961369,2010,Senegal,DHS_2010,7,2010,0.034414380360566,0.0481223758854072,0.0240534053023848,1
Parity 0,Africa:Senegal:Kolda,,,2011,,,7,2011,0.0404808295717942,0.0624010554649862,0.0254459929358136,1
Parity 0,Africa:Senegal:Kolda,0.0441542469670264,0.0129238195964724,2012,Senegal,DHS_2012,7,2012,0.0427233235473684,0.0578694575157158,0.0316256306298386,1
Parity 0,Africa:Senegal:Kolda,,,2013,,,7,2013,0.040434450006879,0.0623037067956548,0.0254380982405223,1
Parity 0,Africa:Senegal:Kolda,0.0570628276154393,0.0173427098730812,2014,Senegal,DHS_2014,7,2014,0.0491856595205165,0.068600038028894,0.0356138869040583,1
Parity 0,Africa:Senegal:Kolda,0.0588796160741146,0.0272236299435269,2015,Senegal,DHS_2015,7,2015,0.0377630949338924,0.0521155525166072,0.0265919458392887,1
Parity 0,Africa:Senegal:Kolda,0.0,0.0,2016,Senegal,DHS_2016,7,2016,0.0357287072410933,0.0506814549992911,0.0237717358833343,1
Parity 0,Africa:Senegal:Kolda,0.0258495172963908,0.0120622532895958,2017,Senegal,DHS_2017,7,2017,0.0363981737787038,0.0500156527245638,0.0258940426763239,1
Parity 0,Africa:Senegal:Kolda,0.0211052835333484,0.0103288308539104,2018,Senegal,DHS_2018,7,2018,0.0370872526695187,0.0513718939430628,0.0259579116309499,1
Parity 0,Africa:Senegal:Kolda,0.0524672123761715,0.0305233746755648,2019,Senegal,DHS_2019,7,2019,0.0403419478038796,0.0562945932607455,0.0286295373081888,1
Parity 0,Africa:Senegal:Kolda,,,2020,,,7,2020,0.0400977418143991,0.0622241319830421,0.0250689686705573,1
Parity 0,Africa:Senegal:Kolda,,,2021,,,7,2021,0.0400972543402904,0.0623177242223083,0.0250195455594123,1
Parity 0,Africa:Senegal:Kolda,,,2022,,,7,2022,0.0400970845644701,0.0624106710206573,0.0249704694541834,1
Parity 0,Africa:Senegal:Kolda,,,2023,,,7,2023,0.0400972415419266,0.062505421514225,0.0249222067043398,1
Parity 0,Africa:Senegal:Kolda,,,2024,,,7,2024,0.0400977221424893,0.062614279720613,0.0248752275048347,1
Parity 0,Africa:Senegal:Kolda,,,2025,,,7,2025,0.0400985193194227,0.0627274216566265,0.0248294262964149,1
Parity 0,Africa:Senegal:Louga,,,1990,,,8,1990,0.0086183457688831,0.0150129661381761,0.0049703937086975,1
Parity 0,Africa:Senegal:Louga,,,1991,,,8,1991,0.0086187337799977,0.0149843623093281,0.0049774691525129,1
Parity 0,Africa:Senegal:Louga,,,1992,,,8,1992,0.0086190226529882,0.0149557004134072,0.0049844016566199,1
Parity 0,Africa:Senegal:Louga,0.0155038759689922,0.0112641811988509,1993,Senegal,DHS_1993,8,1993,0.0094617763302781,0.015305497151723,0.0059568800503423,1
Parity 0,Africa:Senegal:Louga,,,1994,,,8,1994,0.0086132331490679,0.0148928007983151,0.004992632365764,1
Parity 0,Africa:Senegal:Louga,,,1995,,,8,1995,0.0086071314377441,0.0148583265331149,0.0049939653550343,1
Parity 0,Africa:Senegal:Louga,,,1996,,,8,1996,0.0086009044125765,0.0148249157614804,0.0049951784669875,1
Parity 0,Africa:Senegal:Louga,,,1997,,,8,1997,0.0085945503737851,0.0147949791045572,0.0049962730075812,1
Parity 0,Africa:Senegal:Louga,,,1998,,,8,1998,0.0085880663249954,0.0147647489436235,0.0049973344793233,1
Parity 0,Africa:Senegal:Louga,,,1999,,,8,1999,0.0085814516910821,0.0147345373308562,0.0049982894899135,1
Parity 0,Africa:Senegal:Louga,,,2000,,,8,2000,0.0085747051469131,0.0147044085615077,0.0049991334937665,1
Parity 0,Africa:Senegal:Louga,,,2001,,,8,2001,0.0085678253207104,0.0146744097426127,0.0049998672353275,1
Parity 0,Africa:Senegal:Louga,,,2002,,,8,2002,0.0085608126700857,0.0146446167262194,0.0050004253157641,1
Parity 0,Africa:Senegal:Louga,,,2003,,,8,2003,0.0085536650835414,0.014614849969852,0.0050008423536076,1
Parity 0,Africa:Senegal:Louga,,,2004,,,8,2004,0.0085463799816289,0.0145851099859495,0.0050011512129165,1
Parity 0,Africa:Senegal:Louga,0.0027569329219832,0.0028190459123578,2005,Senegal,DHS_2005,8,2005,0.0100996081072009,0.0157736934169658,0.0064383713744774,1
Parity 0,Africa:Senegal:Louga,,,2006,,,8,2006,0.0085251916920968,0.0145196602912568,0.0049986156998461,1
Parity 0,Africa:Senegal:Louga,,,2007,,,8,2007,0.0085112851227551,0.0144843946829432,0.0049956591770188,1
Parity 0,Africa:Senegal:Louga,,,2008,,,8,2008,0.0084972315751485,0.0144505345660887,0.00499249397971,1
Parity 0,Africa:Senegal:Louga,,,2009,,,8,2009,0.0084830259912756,0.0144204939180937,0.0049891311064676,1
Parity 0,Africa:Senegal:Louga,0.008424493018856,0.0046850108873264,2010,Senegal,DHS_2010,8,2010,0.0071911619113442,0.0109063831534606,0.0046259370732134,1
Parity 0,Africa:Senegal:Louga,,,2011,,,8,2011,0.0084627542828643,0.0143786252967952,0.0049833868750564,1
Parity 0,Africa:Senegal:Louga,0.0091262238525818,0.0063746695099728,2012,Senegal,DHS_2012,8,2012,0.0089887725256749,0.0137067304498004,0.0058678761680934,1
Parity 0,Africa:Senegal:Louga,,,2013,,,8,2013,0.0084471985593828,0.0143517495996311,0.0049757738202599,1
Parity 0,Africa:Senegal:Louga,0.0046242042288163,0.0035822537364478,2014,Senegal,DHS_2014,8,2014,0.0104064138406172,0.0164209203708188,0.0065771619587876,1
Parity 0,Africa:Senegal:Louga,0.0058495496594756,0.0057349466149337,2015,Senegal,DHS_2015,8,2015,0.0078949445236124,0.0120162903654627,0.0050731967048351,1
Parity 0,Africa:Senegal:Louga,0.0044682983410455,0.0047460180434751,2016,Senegal,DHS_2016,8,2016,0.0074505332469512,0.011501343958981,0.0046449279210218,1
Parity 0,Africa:Senegal:Louga,0.0029201344542283,0.0028345808269907,2017,Senegal,DHS_2017,8,2017,0.0076247983511568,0.0114870584983513,0.0049428280792932,1
Parity 0,Africa:Senegal:Louga,0.0033661486090063,0.0036172674314196,2018,Senegal,DHS_2018,8,2018,0.0077732202105232,0.0118257561411641,0.0049836503720079,1
Parity 0,Africa:Senegal:Louga,0.0140850461813891,0.0074265070710929,2019,Senegal,DHS_2019,8,2019,0.0084884930271904,0.012878874192029,0.0055506309382729,1
Parity 0,Africa:Senegal:Louga,,,2020,,,8,2020,0.0084036456508466,0.0143553466529947,0.0049317809033215,1
Parity 0,Africa:Senegal:Louga,,,2021,,,8,2021,0.0084043741544177,0.014375954711237,0.0049245765255956,1
Parity 0,Africa:Senegal:Louga,,,2022,,,8,2022,0.0084049858844989,0.0143966696120677,0.0049172147743982,1
Parity 0,Africa:Senegal:Louga,,,2023,,,8,2023,0.0084054838671187,0.0144173680558443,0.0049096374763251,1
Parity 0,Africa:Senegal:Louga,,,2024,,,8,2024,0.0084058699337224,0.0144381282493608,0.0049019442716483,1
Parity 0,Africa:Senegal:Louga,,,2025,,,8,2025,0.0084061465504215,0.0144609855440095,0.0048936847553577,1
Parity 0,Africa:Senegal:Matam,,,1990,,,9,1990,0.0098196710671396,0.0176150244130448,0.0055217905840579,1
Parity 0,Africa:Senegal:Matam,,,1991,,,9,1991,0.0098198555673127,0.0175861053518248,0.0055293784728086,1
Parity 0,Africa:Senegal:Matam,,,1992,,,9,1992,0.0098200076152384,0.017557332758513,0.0055368753916912,1
Parity 0,Africa:Senegal:Matam,0.0,0.0,1993,Senegal,DHS_1993,9,1993,0.0107853387297145,0.0182310917297424,0.0064977708738481,1
Parity 0,Africa:Senegal:Matam,,,1994,,,9,1994,0.0098156344746752,0.0174946386805905,0.0055491175870455,1
Parity 0,Africa:Senegal:Matam,,,1995,,,9,1995,0.0098111038277397,0.017460661352543,0.0055538485114417,1
Parity 0,Africa:Senegal:Matam,,,1996,,,9,1996,0.0098065303283986,0.0174264827010774,0.005558486540259,1
Parity 0,Africa:Senegal:Matam,,,1997,,,9,1997,0.0098019138129815,0.0173920677100675,0.0055630059808423,1
Parity 0,Africa:Senegal:Matam,,,1998,,,9,1998,0.0097972567212064,0.0173576524014485,0.0055673920427464,1
Parity 0,Africa:Senegal:Matam,,,1999,,,9,1999,0.0097925644851806,0.0173272482778172,0.0055716450825282,1
Parity 0,Africa:Senegal:Matam,,,2000,,,9,2000,0.0097878329077399,0.0172974565680876,0.0055757575372316,1
Parity 0,Africa:Senegal:Matam,,,2001,,,9,2001,0.0097830584964585,0.0172678143403968,0.0055797736505149,1
Parity 0,Africa:Senegal:Matam,,,2002,,,9,2002,0.0097782402012661,0.0172383596223903,0.0055836938859266,1
Parity 0,Africa:Senegal:Matam,,,2003,,,9,2003,0.0097733769155402,0.0172091268424395,0.0055875193004844,1
Parity 0,Africa:Senegal:Matam,,,2004,,,9,2004,0.0097684674364652,0.0171801465909869,0.0055912516247072,1
Parity 0,Africa:Senegal:Matam,0.0,0.0,2005,Senegal,DHS_2005,9,2005,0.0115600028235856,0.018717306082324,0.007102103136735,1
Parity 0,Africa:Senegal:Matam,,,2006,,,9,2006,0.0097482129947212,0.0171079374290846,0.0055934468647477,1
Parity 0,Africa:Senegal:Matam,,,2007,,,9,2007,0.0097328488279112,0.0170649143645955,0.0055918175119573,1
Parity 0,Africa:Senegal:Matam,,,2008,,,9,2008,0.0097174107829569,0.0170226394302804,0.005589969771579,1
Parity 0,Africa:Senegal:Matam,,,2009,,,9,2009,0.0097018928272496,0.0169812264427526,0.0055879142593478,1
Parity 0,Africa:Senegal:Matam,0.0049046501524819,0.0036416482335526,2010,Senegal,DHS_2010,9,2010,0.0082321820337207,0.0129021891670682,0.0051420469240736,1
Parity 0,Africa:Senegal:Matam,,,2011,,,9,2011,0.00968426833451,0.0169285681448886,0.0055883350375111,1
Parity 0,Africa:Senegal:Matam,0.0064811163629445,0.0066551436114851,2012,Senegal,DHS_2012,9,2012,0.0102987740397682,0.0162861867281833,0.0065023248840826,1
Parity 0,Africa:Senegal:Matam,,,2013,,,9,2013,0.0096775039716204,0.0169030628034166,0.0055914984074919,1
Parity 0,Africa:Senegal:Matam,0.0,0.0,2014,Senegal,DHS_2014,9,2014,0.0119414975109288,0.019515125994005,0.0072837318836892,1
Parity 0,Africa:Senegal:Matam,0.0095172761919628,0.0067949176847823,2015,Senegal,DHS_2015,9,2015,0.0090562123637989,0.0141603445676978,0.0057070535870475,1
Parity 0,Africa:Senegal:Matam,0.0042106934984352,0.0040972925477075,2016,Senegal,DHS_2016,9,2016,0.0085459688776757,0.013550702973245,0.0052372494088004,1
Parity 0,Africa:Senegal:Matam,0.0011779935069567,0.001211658280443,2017,Senegal,DHS_2017,9,2017,0.0087513586121227,0.0135852073748246,0.0055450323533063,1
Parity 0,Africa:Senegal:Matam,0.0057957431514324,0.0056380576330417,2018,Senegal,DHS_2018,9,2018,0.0089253846911501,0.0139704838991455,0.0056061125013288,1
Parity 0,Africa:Senegal:Matam,0.0173008812176254,0.006648192417295,2019,Senegal,DHS_2019,9,2019,0.0097562244039606,0.0150519101915992,0.0062945790617008,1
Parity 0,Africa:Senegal:Matam,,,2020,,,9,2020,0.0096499049291197,0.0169062979725646,0.0055712117968628,1
Parity 0,Africa:Senegal:Matam,,,2021,,,9,2021,0.009650144136368,0.0169312533132764,0.0055631515801554,1
Parity 0,Africa:Senegal:Matam,,,2022,,,9,2022,0.0096503395801118,0.0169567287145609,0.0055550208211553,1
Parity 0,Africa:Senegal:Matam,,,2023,,,9,2023,0.0096504927410377,0.0169826546539288,0.0055468295362124,1
Parity 0,Africa:Senegal:Matam,,,2024,,,9,2024,0.0096506049429872,0.0170089954838585,0.0055385888058259,1
Parity 0,Africa:Senegal:Matam,,,2025,,,9,2025,0.0096506773287408,0.0170357082086964,0.005530310851765,1
Parity 0,Africa:Senegal:Saint-Louis,,,1990,,,10,1990,0.0077598025461017,0.0143576229355583,0.0042067932705401,1
Parity 0,Africa:Senegal:Saint-Louis,,,1991,,,10,1991,0.0077599330607096,0.0143354153463132,0.0042125657854154,1
Parity 0,Africa:Senegal:Saint-Louis,,,1992,,,10,1992,0.0077600120547761,0.0143131057636817,0.0042182568555317,1
Parity 0,Africa:Senegal:Saint-Louis,0.0,0.0,1993,Senegal,DHS_1993,10,1993,0.0085223279741084,0.0149141222622603,0.0049392263944323,1
Parity 0,Africa:Senegal:Saint-Louis,,,1994,,,10,1994,0.0077563949072792,0.0142634777129326,0.0042275086264061,1
Parity 0,Africa:Senegal:Saint-Louis,,,1995,,,10,1995,0.0077526942228837,0.0142361872595421,0.0042311169064469,1
Parity 0,Africa:Senegal:Saint-Louis,,,1996,,,10,1996,0.0077489387109192,0.014208558051635,0.0042345938152223,1
Parity 0,Africa:Senegal:Saint-Louis,,,1997,,,10,1997,0.0077451249897364,0.0141807121665117,0.0042380004907683,1
Parity 0,Africa:Senegal:Saint-Louis,,,1998,,,10,1998,0.0077412519014916,0.0141527079254401,0.0042413427743366,1
Parity 0,Africa:Senegal:Saint-Louis,,,1999,,,10,1999,0.00773731842694,0.0141245897905279,0.00424462216835,1
Parity 0,Africa:Senegal:Saint-Louis,,,2000,,,10,2000,0.0077333235246785,0.0140980428798371,0.0042478403979874,1
Parity 0,Africa:Senegal:Saint-Louis,,,2001,,,10,2001,0.0077292661742733,0.0140732450136425,0.0042509994247356,1
Parity 0,Africa:Senegal:Saint-Louis,,,2002,,,10,2002,0.0077251446554202,0.0140483621012995,0.0042540291871723,1
Parity 0,Africa:Senegal:Saint-Louis,,,2003,,,10,2003,0.0077209582327815,0.0140234401886048,0.0042566931686877,1
Parity 0,Africa:Senegal:Saint-Louis,,,2004,,,10,2004,0.0077167058044156,0.0139985168770003,0.0042593100910373,1
Parity 0,Africa:Senegal:Saint-Louis,0.0036317384469323,0.0036732953370298,2005,Senegal,DHS_2005,10,2005,0.0091264826400396,0.015309130881704,0.0054158159337663,1
Parity 0,Africa:Senegal:Saint-Louis,,,2006,,,10,2006,0.0077017358929449,0.0139416428311341,0.0042616831287159,1
Parity 0,Africa:Senegal:Saint-Louis,,,2007,,,10,2007,0.0076910138349357,0.0139098043590917,0.0042611949671481,1
Parity 0,Africa:Senegal:Saint-Louis,,,2008,,,10,2008,0.0076802181067888,0.0138783350080304,0.0042605089037389,1
Parity 0,Africa:Senegal:Saint-Louis,,,2009,,,10,2009,0.0076693456997341,0.0138473103730529,0.0042596614912763,1
Parity 0,Africa:Senegal:Saint-Louis,0.0062869057972163,0.0043235559798261,2010,Senegal,DHS_2010,10,2010,0.0064983171303152,0.0106279340628471,0.0039047994604183,1
Parity 0,Africa:Senegal:Saint-Louis,,,2011,,,10,2011,0.0076563734047968,0.0138064986376499,0.0042599040785953,1
Parity 0,Africa:Senegal:Saint-Louis,0.0027607571043986,0.0027839790618232,2012,Senegal,DHS_2012,10,2012,0.0081372571373214,0.0133816476548995,0.0049360072377604,1
Parity 0,Africa:Senegal:Saint-Louis,,,2013,,,10,2013,0.007651453047572,0.0137871443747575,0.0042616175667842,1
Parity 0,Africa:Senegal:Saint-Louis,0.0126441505707329,0.0082567540690134,2014,Senegal,DHS_2014,10,2014,0.0094430989388997,0.0158699550869298,0.0055853334503866,1
Parity 0,Africa:Senegal:Saint-Louis,0.0148447252305699,0.0146614722771908,2015,Senegal,DHS_2015,10,2015,0.0071534310731306,0.011708526335954,0.004309409471579,1
Parity 0,Africa:Senegal:Saint-Louis,0.0042257446171482,0.0044612998156451,2016,Senegal,DHS_2016,10,2016,0.0067459823306512,0.0111760507359252,0.0039657281293949,1
Parity 0,Africa:Senegal:Saint-Louis,0.0028004362695638,0.0027764882211658,2017,Senegal,DHS_2017,10,2017,0.0069069757754331,0.0112208750377469,0.0041879413003722,1
Parity 0,Africa:Senegal:Saint-Louis,0.0106560610330852,0.0055211087373539,2018,Senegal,DHS_2018,10,2018,0.007038870795544,0.0113994129916413,0.004285709653538,1
Parity 0,Africa:Senegal:Saint-Louis,0.0043929188913213,0.0042101456280703,2019,Senegal,DHS_2019,10,2019,0.0076885417560979,0.0126216584649702,0.0046629228135983,1
Parity 0,Africa:Senegal:Saint-Louis,,,2020,,,10,2020,0.0076122804861094,0.0137744592782197,0.0042281127275763,1
Parity 0,Africa:Senegal:Saint-Louis,,,2021,,,10,2021,0.0076126476199962,0.0137945739968783,0.0042220558266995,1
Parity 0,Africa:Senegal:Saint-Louis,,,2022,,,10,2022,0.0076129548677188,0.0138148176340117,0.0042159394895851,1
Parity 0,Africa:Senegal:Saint-Louis,,,2023,,,10,2023,0.0076132033742974,0.013835154966887,0.0042097667366297,1
Parity 0,Africa:Senegal:Saint-Louis,,,2024,,,10,2024,0.0076133941759598,0.0138555479088028,0.0042035409272233,1
Parity 0,Africa:Senegal:Saint-Louis,,,2025,,,10,2025,0.0076135282099333,0.0138759557647019,0.0041972657551934,1
Parity 0,Africa:Senegal:Diourbel,,,1990,,,11,1990,0.0081850034068088,0.0155502412867975,0.0042103586741785,1
Parity 0,Africa:Senegal:Diourbel,,,1991,,,11,1991,0.008185181517401,0.0155251706456176,0.0042152822412025,1
Parity 0,Africa:Senegal:Diourbel,,,1992,,,11,1992,0.0081851632123428,0.0155014614132854,0.0042199782379093,1
Parity 0,Africa:Senegal:Diourbel,0.0,0.0,1993,Senegal,DHS_1993,11,1993,0.0090067409119383,0.0161056251991854,0.004901171035171,1
Parity 0,Africa:Senegal:Diourbel,,,1994,,,11,1994,0.0081806589349227,0.0154519498501275,0.0042267090258112,1
Parity 0,Africa:Senegal:Diourbel,,,1995,,,11,1995,0.0081761663895361,0.0154247725631423,0.00422875725076,1
Parity 0,Africa:Senegal:Diourbel,,,1996,,,11,1996,0.0081714657565573,0.0153975104703155,0.0042305933742418,1
Parity 0,Africa:Senegal:Diourbel,,,1997,,,11,1997,0.0081665565241588,0.0153704751325292,0.0042321472076481,1
Parity 0,Africa:Senegal:Diourbel,,,1998,,,11,1998,0.0081614341367275,0.0153432282163498,0.0042334939690636,1
Parity 0,Africa:Senegal:Diourbel,,,1999,,,11,1999,0.0081560962979193,0.0153158087630699,0.0042346395142141,1
Parity 0,Africa:Senegal:Diourbel,,,2000,,,11,2000,0.008150541064468,0.0152882663494665,0.0042355872881983,1
Parity 0,Africa:Senegal:Diourbel,,,2001,,,11,2001,0.0081447667126272,0.015260648310551,0.0042363402860073,1
Parity 0,Africa:Senegal:Diourbel,,,2002,,,11,2002,0.0081387717629491,0.0152329996624853,0.0042369011129336,1
Parity 0,Africa:Senegal:Diourbel,,,2003,,,11,2003,0.0081325549743091,0.0152053630378468,0.0042372717752976,1
Parity 0,Africa:Senegal:Diourbel,,,2004,,,11,2004,0.0081261116823549,0.0151778689447336,0.0042375015262622,1
Parity 0,Africa:Senegal:Diourbel,0.0012099198261182,0.0012166024051973,2005,Senegal,DHS_2005,11,2005,0.009624354398443,0.0166488301164748,0.0053154700368001,1
Parity 0,Africa:Senegal:Diourbel,,,2006,,,11,2006,0.0081086448136146,0.0151199210502494,0.004235629882193,1
Parity 0,Africa:Senegal:Diourbel,,,2007,,,11,2007,0.0080976255489921,0.015091156457937,0.0042333863167548,1
Parity 0,Africa:Senegal:Diourbel,,,2008,,,11,2008,0.0080863825626342,0.0150647503684873,0.0042308538121775,1
Parity 0,Africa:Senegal:Diourbel,,,2009,,,11,2009,0.0080749122235044,0.0150389512067604,0.0042280341281165,1
Parity 0,Africa:Senegal:Diourbel,0.004526666279221,0.0031327470214875,2010,Senegal,DHS_2010,11,2010,0.0068495297456326,0.0115289856302302,0.0038566746891574,1
Parity 0,Africa:Senegal:Diourbel,,,2011,,,11,2011,0.0080626609317197,0.0150122769369781,0.0042249870261919,1
Parity 0,Africa:Senegal:Diourbel,0.0048554384605282,0.004788378590675,2012,Senegal,DHS_2012,11,2012,0.0085862027120518,0.0145819676755902,0.0048353026087824,1
Parity 0,Africa:Senegal:Diourbel,,,2013,,,11,2013,0.0080590922531181,0.0150091510199855,0.0042230852879216,1
Parity 0,Africa:Senegal:Diourbel,0.0,0.0,2014,Senegal,DHS_2014,11,2014,0.0099569138890234,0.0175100422230915,0.0054227287183003,1
Parity 0,Africa:Senegal:Diourbel,0.00719070389303,0.0058077508460126,2015,Senegal,DHS_2015,11,2015,0.007544655287426,0.0127305666205431,0.0042465048095744,1
Parity 0,Africa:Senegal:Diourbel,0.0,0.0,2016,Senegal,DHS_2016,11,2016,0.0071146739951332,0.0122188053511842,0.0039004172091496,1
Parity 0,Africa:Senegal:Diourbel,0.0,0.0,2017,Senegal,DHS_2017,11,2017,0.0072934738885192,0.0122382125323485,0.0041084689252067,1
Parity 0,Africa:Senegal:Diourbel,0.0,0.0,2018,Senegal,DHS_2018,11,2018,0.0074317671375352,0.0126072452620927,0.0041452007816827,1
Parity 0,Africa:Senegal:Diourbel,0.0108977307181716,0.0104988733228904,2019,Senegal,DHS_2019,11,2019,0.0081191653295427,0.0137994614763557,0.0045723793639872,1
Parity 0,Africa:Senegal:Diourbel,,,2020,,,11,2020,0.0080269341644113,0.0150380723809286,0.0041911300156022,1
Parity 0,Africa:Senegal:Diourbel,,,2021,,,11,2021,0.0080278469343804,0.0150579572086346,0.0041868058195824,1
Parity 0,Africa:Senegal:Diourbel,,,2022,,,11,2022,0.0080285477432637,0.0150778800979975,0.0041822949898785,1
Parity 0,Africa:Senegal:Diourbel,,,2023,,,11,2023,0.0080290400992534,0.0150986405039461,0.0041775977209104,1
Parity 0,Africa:Senegal:Diourbel,,,2024,,,11,2024,0.0080293271319584,0.0151212661012334,0.0041727143725078,1
Parity 0,Africa:Senegal:Diourbel,,,2025,,,11,2025,0.0080294119554799,0.0151438779281638,0.0041676456174598,1
Parity 0,Africa:Senegal:Fatick,,,1990,,,12,1990,0.0120007151792867,0.021207108136992,0.0068725046687365,1
Parity 0,Africa:Senegal:Fatick,,,1991,,,12,1991,0.0120010116091311,0.0211730760469255,0.0068828653906223,1
Parity 0,Africa:Senegal:Fatick,,,1992,,,12,1992,0.0120015194192409,0.021139591814886,0.0068932584707177,1
Parity 0,Africa:Senegal:Fatick,0.0192307692307692,0.0182347944588754,1993,Senegal,DHS_1993,12,1993,0.0131721596081187,0.02171023236062,0.0082101783401425,1
Parity 0,Africa:Senegal:Fatick,,,1994,,,12,1994,0.01199631407494,0.0210688975377563,0.0069088487487642,1
Parity 0,Africa:Senegal:Fatick,,,1995,,,12,1995,0.0119905876028878,0.0210316136701044,0.006914041494357,1
Parity 0,Africa:Senegal:Fatick,,,1996,,,12,1996,0.0119850658332397,0.0209948947944687,0.0069193375274595,1
Parity 0,Africa:Senegal:Fatick,,,1997,,,12,1997,0.0119797498459735,0.0209590296867103,0.0069246400421322,1
Parity 0,Africa:Senegal:Fatick,,,1998,,,12,1998,0.0119746421120907,0.0209239105167755,0.0069300411202228,1
Parity 0,Africa:Senegal:Fatick,,,1999,,,12,1999,0.0119697465319927,0.0208891248590584,0.0069356266351468,1
Parity 0,Africa:Senegal:Fatick,,,2000,,,12,2000,0.011965062900966,0.0208591760411663,0.0069413142016853,1
Parity 0,Africa:Senegal:Fatick,,,2001,,,12,2001,0.0119605928804111,0.0208296212659151,0.0069471012104324,1
Parity 0,Africa:Senegal:Fatick,,,2002,,,12,2002,0.0119563380076313,0.0208005027547418,0.00695298510829,1
Parity 0,Africa:Senegal:Fatick,,,2003,,,12,2003,0.0119522996816249,0.0207718584361758,0.0069589634235295,1
Parity 0,Africa:Senegal:Fatick,,,2004,,,12,2004,0.0119484791541379,0.0207437223400059,0.0069650338334101,1
Parity 0,Africa:Senegal:Fatick,0.0115811569302369,0.0091614478828774,2005,Senegal,DHS_2005,12,2005,0.0141225230075691,0.0224650407297989,0.0089530349240406,1
Parity 0,Africa:Senegal:Fatick,,,2006,,,12,2006,0.0119298243143347,0.0206763660394096,0.0069707370010274,1
Parity 0,Africa:Senegal:Fatick,,,2007,,,12,2007,0.0119149548853115,0.0206379593659964,0.0069701423971211,1
Parity 0,Africa:Senegal:Fatick,,,2008,,,12,2008,0.0119002591309461,0.0206008668267464,0.0069693886317662,1
Parity 0,Africa:Senegal:Fatick,,,2009,,,12,2009,0.0118857346638414,0.020565019230083,0.0069685035761456,1
Parity 0,Africa:Senegal:Fatick,0.0,0.0,2010,Senegal,DHS_2010,12,2010,0.0100860366089948,0.0157869809437287,0.0063843745068612,1
Parity 0,Africa:Senegal:Fatick,,,2011,,,12,2011,0.0118710919858359,0.0205203612573798,0.0069723752266188,1
Parity 0,Africa:Senegal:Fatick,0.0,0.0,2012,Senegal,DHS_2012,12,2012,0.012609223545618,0.0198130962250845,0.0081478442421832,1
Parity 0,Africa:Senegal:Fatick,,,2013,,,12,2013,0.0118665963495198,0.0204955128308037,0.0069797074019881,1
Parity 0,Africa:Senegal:Fatick,0.0,0.0,2014,Senegal,DHS_2014,12,2014,0.0146192097892169,0.0236684777856421,0.0091495130191123,1
Parity 0,Africa:Senegal:Fatick,0.0141710147150533,0.0114876682210593,2015,Senegal,DHS_2015,12,2015,0.0111004622477855,0.0172432656630012,0.0071397400061175,1
Parity 0,Africa:Senegal:Fatick,0.0165930394213032,0.0140640375096032,2016,Senegal,DHS_2016,12,2016,0.0104799652010685,0.0164495558008385,0.0065660284592789,1
Parity 0,Africa:Senegal:Fatick,0.0110182750729223,0.0048513529163648,2017,Senegal,DHS_2017,12,2017,0.0107198108517948,0.0162867584834921,0.0070672528745011,1
Parity 0,Africa:Senegal:Fatick,0.0113085180607796,0.0066822066343759,2018,Senegal,DHS_2018,12,2018,0.0109284778470706,0.016864583660994,0.0070663014827552,1
Parity 0,Africa:Senegal:Fatick,0.016214593206388,0.0087699688709987,2019,Senegal,DHS_2019,12,2019,0.0119288804745514,0.0185378301639856,0.0077708228393038,1
Parity 0,Africa:Senegal:Fatick,,,2020,,,12,2020,0.0118135040546166,0.0204684573408012,0.0069400961847008,1
Parity 0,Africa:Senegal:Fatick,,,2021,,,12,2021,0.0118125666203541,0.020496327245098,0.0069288104041809,1
Parity 0,Africa:Senegal:Fatick,,,2022,,,12,2022,0.0118118529591976,0.0205250292603037,0.0069175804704139,1
Parity 0,Africa:Senegal:Fatick,,,2023,,,12,2023,0.0118113591650593,0.0205545240728521,0.0069064276770833,1
Parity 0,Africa:Senegal:Fatick,,,2024,,,12,2024,0.011811084887577,0.020584553779802,0.0068955362214819,1
Parity 0,Africa:Senegal:Fatick,,,2025,,,12,2025,0.0118110221305438,0.020615606072452,0.0068848326752704,1
Parity 0,Africa:Senegal:Kaffrine,,,1990,,,13,1990,0.0101570009177968,0.0186214725695886,0.005563368867088,1
Parity 0,Africa:Senegal:Kaffrine,,,1991,,,13,1991,0.0101572752409298,0.018591637853454,0.005570730153156,1
Parity 0,Africa:Senegal:Kaffrine,,,1992,,,13,1992,0.0101575608461516,0.0185617452461158,0.0055779516652035,1
Parity 0,Africa:Senegal:Kaffrine,0.0,0.0,1993,Senegal,DHS_1993,13,1993,0.0111681573618303,0.0192547672850984,0.0065137528632704,1
Parity 0,Africa:Senegal:Kaffrine,,,1994,,,13,1994,0.0101534208881315,0.0185020414399609,0.0055892173207561,1
Parity 0,Africa:Senegal:Kaffrine,,,1995,,,13,1995,0.0101489941521678,0.0184723228968792,0.0055932540631172,1
Parity 0,Africa:Senegal:Kaffrine,,,1996,,,13,1996,0.0101445840513121,0.0184428802555998,0.0055970968361891,1
Parity 0,Africa:Senegal:Kaffrine,,,1997,,,13,1997,0.0101401863078409,0.018413924456321,0.0056007662065344,1
Parity 0,Africa:Senegal:Kaffrine,,,1998,,,13,1998,0.0101358000230111,0.0183854869714527,0.0056042599889103,1
Parity 0,Africa:Senegal:Kaffrine,,,1999,,,13,1999,0.0101314244789795,0.0183575953689899,0.0056075767728825,1
Parity 0,Africa:Senegal:Kaffrine,,,2000,,,13,2000,0.0101270588823829,0.018330273868829,0.0056107158477613,1
Parity 0,Africa:Senegal:Kaffrine,,,2001,,,13,2001,0.010122702367248,0.0183035438549223,0.0056136772005391,1
Parity 0,Africa:Senegal:Kaffrine,,,2002,,,13,2002,0.0101183536344417,0.0182774257943057,0.0056164561299308,1
Parity 0,Africa:Senegal:Kaffrine,,,2003,,,13,2003,0.0101140100262852,0.0182518519424905,0.0056190180080971,1
Parity 0,Africa:Senegal:Kaffrine,,,2004,,,13,2004,0.0101096732292183,0.0182267720988876,0.0056214003774674,1
Parity 0,Africa:Senegal:Kaffrine,0.0,0.0,2005,Senegal,DHS_2005,13,2005,0.0119765877455078,0.019891679982457,0.0070822547512233,1
Parity 0,Africa:Senegal:Kaffrine,,,2006,,,13,2006,0.0100903550103891,0.01816208516717,0.0056205494730677,1
Parity 0,Africa:Senegal:Kaffrine,,,2007,,,13,2007,0.0100753536788332,0.0181231633367562,0.0056172079626936,1
Parity 0,Africa:Senegal:Kaffrine,,,2008,,,13,2008,0.0100603324161646,0.0180855449022747,0.0056135922342159,1
Parity 0,Africa:Senegal:Kaffrine,,,2009,,,13,2009,0.0100452855881527,0.0180499385511062,0.0056097132599093,1
Parity 0,Africa:Senegal:Kaffrine,0.0,0.0,2010,Senegal,DHS_2010,13,2010,0.0085210912944097,0.0138511079939394,0.0051245321914471,1
Parity 0,Africa:Senegal:Kaffrine,,,2011,,,13,2011,0.010026840935228,0.018008196450621,0.0056060614497696,1
Parity 0,Africa:Senegal:Kaffrine,0.0101750174264228,0.0098289528350789,2012,Senegal,DHS_2012,13,2012,0.0106688982421219,0.0173787069471187,0.0064760262886946,1
Parity 0,Africa:Senegal:Kaffrine,,,2013,,,13,2013,0.0100163526493616,0.0179852854254848,0.0056037809413014,1
Parity 0,Africa:Senegal:Kaffrine,0.0,0.0,2014,Senegal,DHS_2014,13,2014,0.0123682127224336,0.020831475228292,0.0072285790939332,1
Parity 0,Africa:Senegal:Kaffrine,0.0,0.0,2015,Senegal,DHS_2015,13,2015,0.0093682272321438,0.0152239020963402,0.0056578591774256,1
Parity 0,Africa:Senegal:Kaffrine,0.0079070931880161,0.007780429485679,2016,Senegal,DHS_2016,13,2016,0.008832846277606,0.0144501879119888,0.0052517192659216,1
Parity 0,Africa:Senegal:Kaffrine,0.0072996885893597,0.0053976487889953,2017,Senegal,DHS_2017,13,2017,0.0090471269831185,0.0144458479291291,0.0055558133568497,1
Parity 0,Africa:Senegal:Kaffrine,0.0121887791832213,0.0082950644268149,2018,Senegal,DHS_2018,13,2018,0.0092195380995311,0.0148637265371988,0.0056050753653532,1
Parity 0,Africa:Senegal:Kaffrine,0.0,0.0,2019,Senegal,DHS_2019,13,2019,0.0100680301358104,0.0164409693392528,0.0061097125081721,1
Parity 0,Africa:Senegal:Kaffrine,,,2020,,,13,2020,0.0099598714157312,0.0179651602795363,0.0055579958415397,1
Parity 0,Africa:Senegal:Kaffrine,,,2021,,,13,2021,0.0099599535568045,0.0179859342214171,0.0055508840070968,1
Parity 0,Africa:Senegal:Kaffrine,,,2022,,,13,2022,0.0099600401363312,0.0180073934991669,0.0055436505731416,1
Parity 0,Africa:Senegal:Kaffrine,,,2023,,,13,2023,0.0099601316112396,0.0180295224041568,0.0055363067803463,1
Parity 0,Africa:Senegal:Kaffrine,,,2024,,,13,2024,0.0099602283646968,0.018052569001278,0.0055288650841168,1
Parity 0,Africa:Senegal:Kaffrine,,,2025,,,13,2025,0.0099603294471299,0.0180797103929539,0.0055207201925732,1
Parity 0,Africa:Senegal:Kaolack,,,1990,,,14,1990,0.0076974981456367,0.0145409306311153,0.0041280111448413,1
Parity 0,Africa:Senegal:Kaolack,,,1991,,,14,1991,0.0076975807071983,0.0145189720596154,0.0041331057115398,1
Parity 0,Africa:Senegal:Kaolack,,,1992,,,14,1992,0.0076975522221277,0.0144979412098012,0.0041380993100133,1
Parity 0,Africa:Senegal:Kaolack,0.0076923076923076,0.0076397187995185,1993,Senegal,DHS_1993,14,1993,0.0084703687695829,0.0150448085940481,0.0048146080911924,1
Parity 0,Africa:Senegal:Kaolack,,,1994,,,14,1994,0.0076937410975253,0.0144538687813306,0.0041453416242665,1
Parity 0,Africa:Senegal:Kaolack,,,1995,,,14,1995,0.0076899557163487,0.0144307416964383,0.004147590036342,1
Parity 0,Africa:Senegal:Kaolack,,,1996,,,14,1996,0.0076860537294888,0.0144073962423529,0.0041497383379719,1
Parity 0,Africa:Senegal:Kaolack,,,1997,,,14,1997,0.0076820336182139,0.0143838592651819,0.0041517886379339,1
Parity 0,Africa:Senegal:Kaolack,,,1998,,,14,1998,0.0076778925767629,0.0143602387867101,0.0041537595955568,1
Parity 0,Africa:Senegal:Kaolack,,,1999,,,14,1999,0.0076736290078482,0.0143363806022131,0.0041556403205879,1
Parity 0,Africa:Senegal:Kaolack,,,2000,,,14,2000,0.0076692419283108,0.0143122496667518,0.0041574236311221,1
Parity 0,Africa:Senegal:Kaolack,,,2001,,,14,2001,0.007664729814034,0.014287884647283,0.004159112235021,1
Parity 0,Africa:Senegal:Kaolack,,,2002,,,14,2002,0.007660090620717,0.0142633102099227,0.0041607087409428,1
Parity 0,Africa:Senegal:Kaolack,,,2003,,,14,2003,0.0076553232247615,0.0142385751267824,0.0041622159457734,1
Parity 0,Africa:Senegal:Kaolack,,,2004,,,14,2004,0.0076504305920793,0.0142137187678676,0.0041636365781136,1
Parity 0,Africa:Senegal:Kaolack,0.0014544903490814,0.0014790131516421,2005,Senegal,DHS_2005,14,2005,0.009066674558166,0.0156255547725508,0.0052062137708463,1
Parity 0,Africa:Senegal:Kaolack,,,2006,,,14,2006,0.0076359045664646,0.0141597557922204,0.0041643695490694,1
Parity 0,Africa:Senegal:Kaolack,,,2007,,,14,2007,0.0076262734984184,0.0141330883524892,0.0041635549389427,1
Parity 0,Africa:Senegal:Kaolack,,,2008,,,14,2008,0.0076165138670417,0.0141077425707587,0.0041625246593367,1
Parity 0,Africa:Senegal:Kaolack,,,2009,,,14,2009,0.0076066230645876,0.0140829404594502,0.004161293317623,1
Parity 0,Africa:Senegal:Kaolack,0.0046003924423411,0.0032527347692828,2010,Senegal,DHS_2010,14,2010,0.0064580399627102,0.0107293326422601,0.0038041428754496,1
Parity 0,Africa:Senegal:Kaolack,,,2011,,,14,2011,0.0075966729161253,0.0140550015829709,0.0041616134370629,1
Parity 0,Africa:Senegal:Kaolack,0.0,0.0,2012,Senegal,DHS_2012,14,2012,0.0080890376778054,0.0137243901964266,0.0047461277841946,1
Parity 0,Africa:Senegal:Kaolack,,,2013,,,14,2013,0.0075935108843168,0.0140430188633869,0.0041633108353542,1
Parity 0,Africa:Senegal:Kaolack,0.0,0.0,2014,Senegal,DHS_2014,14,2014,0.009387403800047,0.0164231588375013,0.0053194572228426,1
Parity 0,Africa:Senegal:Kaolack,0.0034219065649348,0.0032862024081096,2015,Senegal,DHS_2015,14,2015,0.0071099775849063,0.0118751960104121,0.0041941801096731,1
Parity 0,Africa:Senegal:Kaolack,0.0090763383724849,0.005503314232118,2016,Senegal,DHS_2016,14,2016,0.0067049115216558,0.0111801017537492,0.0039314895334787,1
Parity 0,Africa:Senegal:Kaolack,0.0077668026999585,0.0045723687230252,2017,Senegal,DHS_2017,14,2017,0.0068714504848972,0.0112651974544448,0.0041196151654171,1
Parity 0,Africa:Senegal:Kaolack,0.0,0.0,2018,Senegal,DHS_2018,14,2018,0.0070022487009921,0.0117327749997991,0.0041067011570108,1
Parity 0,Africa:Senegal:Kaolack,0.0080180420715846,0.0055848038413921,2019,Senegal,DHS_2019,14,2019,0.0076495505036875,0.0128229284292789,0.0045340176931042,1
Parity 0,Africa:Senegal:Kaolack,,,2020,,,14,2020,0.007561348465287,0.0140419628593693,0.004136978645215,1
Parity 0,Africa:Senegal:Kaolack,,,2021,,,14,2021,0.0075619247567317,0.0140608365277006,0.004131913824404,1
Parity 0,Africa:Senegal:Kaolack,,,2022,,,14,2022,0.0075623805290004,0.0140799534594713,0.0041268153817641,1
Parity 0,Africa:Senegal:Kaolack,,,2023,,,14,2023,0.0075627162885148,0.0140990658754641,0.0041216399991694,1
Parity 0,Africa:Senegal:Kaolack,,,2024,,,14,2024,0.00756293405516,0.0141181416244188,0.0041163894914444,1
Parity 0,Africa:Senegal:Kaolack,,,2025,,,14,2025,0.0075630357386545,0.0141371472448226,0.0041106232436228,1
